入藏号,DOI,Pubmed ID,论文标题,作者,来源,研究方向,文献类型,卷,期,页,出版年,被引频次,链接,期刊预期被引频次,类别预期被引频次,合作学科预期被引频次,期刊规范化的引文影响力,学科规范化的引文影响力,按主题、年份、文献类型和合作类型调整后的规范化引文影响力。,合作类型,学科领域百分位,期刊影响因子
WOS:001207690601035,n/a,n/a,Language Models are Few-Shot Learners,"Brown, Tom B.; Mann, Benjamin; Ryder, Nick; Subbiah, Melanie; Kaplan, Jared; Dhariwal, Prafulla; Neelakantan, Arvind; Shyam, Pranav; Sastry, Girish; Askell, Amanda; Agarwal, Sandhini; Herbert-Voss, Ariel; Krueger, Gretchen; Henighan, Tom; Child, Rewon; Ramesh, Aditya; Ziegler, Daniel M.; Wu, Jeffrey; Winter, Clemens; Hesse, Christopher; Chen, Mark; Sigler, Eric; Litwin, Mateusz; Gray, Scott; Chess, Benjamin; Clark, Jack; Berner, Christopher; McCandlish, Sam; Radford, Alec; Sutskever, Ilya; Amodei, Dario","ADVANCES IN NEURAL INFORMATION PROCESSING SYSTEMS 33, NEURIPS 2020",0812 Computer Science and Technology; 1001 Basic Medicine; 0402 Psychology,Proceedings Paper,33,n/a,n/a,2020,14542,https://www.webofscience.com/api/gateway?GWVersion=2&SrcAuth=InCites&SrcApp=tsm_test&DestApp=WOS_CPL&DestLinkType=FullRecord&KeyUT=ISI:001207690601035,35.714844,3.4453561305999756,3.8540442,407.17,4220.7538,3773.1794,Domestic - Multiple,99.9982,n/a
WOS:000671060500025,10.1093/molbev/msab120,MEDLINE:33892491,MEGA11 Molecular Evolutionary Genetics Analysis Version 11,"Tamura, Koichiro; Stecher, Glen; Kumar, Sudhir",MOLECULAR BIOLOGY AND EVOLUTION,0710 Biology; 1001 Basic Medicine,Article,38,7,3022-3027,2021,12494,https://www.webofscience.com/api/gateway?GWVersion=2&SrcAuth=InCites&SrcApp=tsm_test&DestApp=WOS_CPL&DestLinkType=FullRecord&KeyUT=ISI:000671060500025,53.176087,14.812976837158203,21.394352,234.96,843.4496,583.9859,International - Trilateral,99.9995,8.8
WOS:000526184900011,10.1016/j.cell.2020.02.052,MEDLINE:32142651,SARS-CoV-2 Cell Entry Depends on ACE2 and TMPRSS2 and Is Blocked by a Clinically Proven Protease Inhibitor,"Hoffmann, Markus; Kleine-Weber, Hannah; Schroeder, Simon; Krueger, Nadine; Herrler, Tanja; Erichsen, Sandra; Schiergens, Tobias S.; Herrler, Georg; Wu, Nai-Huei; Nitsche, Andreas; Mueller, Marcel A.; Drosten, Christian; Poehlmann, Stefan",CELL,1001 Basic Medicine; 0710 Biology,Article,181,2,271-+,2020,10989,https://www.webofscience.com/api/gateway?GWVersion=2&SrcAuth=InCites&SrcApp=tsm_test&DestApp=WOS_CPL&DestLinkType=FullRecord&KeyUT=ISI:000526184900011,324.408719,20.340620040893555,29.971226,33.87,540.249,366.6517,International - Trilateral,99.9995,41.584
WOS:000537426600023,10.1093/molbev/msaa015,MEDLINE:32011700,IQ-TREE 2: New Models and Efficient Methods for Phylogenetic Inference in the Genomic Era,"Minh, Bui Quang; Schmidt, Heiko A.; Chernomor, Olga; Schrempf, Dominik; Woodhams, Michael D.; von Haeseler, Arndt; Lanfear, Robert",MOLECULAR BIOLOGY AND EVOLUTION,1001 Basic Medicine; 0710 Biology,Article,37,5,1530-1534,2020,8518,https://www.webofscience.com/api/gateway?GWVersion=2&SrcAuth=InCites&SrcApp=tsm_test&DestApp=WOS_CPL&DestLinkType=FullRecord&KeyUT=ISI:000537426600023,72.152727,20.340620040893555,29.971226,118.06,418.768,284.2059,International - Trilateral,99.999,16.24
WOS:000665547300020,10.1016/j.cell.2021.04.048,MEDLINE:34062119,Integrated analysis of multimodal single-cell data,"Hao, Yuhan; Hao, Stephanie; Andersen-Nissen, Erica; Mauck, William M. I. I. I. I. I. I.; Zheng, Shiwei; Butler, Andrew; Lee, Maddie J.; Wilk, Aaron J.; Darby, Charlotte; Zager, Michael; Hoffman, Paul; Stoeckius, Marlon; Papalexi, Efthymia; Mimitou, Eleni P.; Jain, Jaison; Srivastava, Avi; Stuart, Tim; Fleming, Lamar M.; Yeung, Bertrand; Rogers, Angela J.; McElrath, Juliana M.; Blish, Catherine A.; Gottardo, Raphael; Smibert, Peter; Satija, Rahul",CELL,0710 Biology; 1001 Basic Medicine,Article,184,13,3573-+,2021,7504,https://www.webofscience.com/api/gateway?GWVersion=2&SrcAuth=InCites&SrcApp=tsm_test&DestApp=WOS_CPL&DestLinkType=FullRecord&KeyUT=ISI:000665547300020,184.191617,14.812976837158203,16.725378,40.74,506.5828,448.6595,International - Bilateral,99.999,66.85
WOS:000817903300026,n/a,n/a,"Climate change 2022: Impacts, adaptation and vulnerability","Suter, Glenn",INTEGRATED ENVIRONMENTAL ASSESSMENT AND MANAGEMENT,0830 Environmental Science and Engineering; 1001 Basic Medicine,Book Review,18,4,1117-1118,2022,6612,https://www.webofscience.com/api/gateway?GWVersion=2&SrcAuth=InCites&SrcApp=tsm_test&DestApp=WOS_CPL&DestLinkType=FullRecord&KeyUT=ISI:000817903300026,183.666667,31.89622688293457,0.0,36.0,207.2972,0.0,n/a,99.5283,3.1
WOS:000526184900012,10.1016/j.cell.2020.02.058,n/a,"Structure, Function, and Antigenicity of the SARS-CoV-2 Spike Glycoprotein","Walls, Alexandra C.; Park, Young-Jun; Tortorici, M. Alejandra; Wall, Abigail; McGuire, Andrew T.; Veesler, David",CELL,1001 Basic Medicine; 0710 Biology,Article,181,2,281-+,2020,6392,https://www.webofscience.com/api/gateway?GWVersion=2&SrcAuth=InCites&SrcApp=tsm_test&DestApp=WOS_CPL&DestLinkType=FullRecord&KeyUT=ISI:000526184900012,324.408719,20.340620040893555,23.734728,19.7,314.248,269.31,International - Bilateral,99.9985,41.584
WOS:000611418800002,10.1038/s41580-020-00324-8,MEDLINE:33495651,"Ferroptosis: mechanisms, biology and role in disease","Jiang, Xuejun; Stockwell, Brent R.; Conrad, Marcus",NATURE REVIEWS MOLECULAR CELL BIOLOGY,0710 Biology; 1001 Basic Medicine,Review,22,4,266-282,2021,4471,https://www.webofscience.com/api/gateway?GWVersion=2&SrcAuth=InCites&SrcApp=tsm_test&DestApp=WOS_CPL&DestLinkType=FullRecord&KeyUT=ISI:000611418800002,406.977778,32.43564987182617,37.978737,10.99,137.8422,117.7238,International - Trilateral,99.9973,113.915
WOS:000511096100001,10.1038/s41422-020-0282-0,MEDLINE:32020029,Remdesivir and chloroquine effectively inhibit the recently emerged novel coronavirus (2019-nCoV) in vitro,"Wang, Manli; Cao, Ruiyuan; Zhang, Leike; Yang, Xinglou; Liu, Jia; Xu, Mingyue; Shi, Zhengli; Hu, Zhihong; Zhong, Wu; Xiao, Gengfu",CELL RESEARCH,1001 Basic Medicine; 0710 Biology,Letter,30,3,269-271,2020,4218,https://www.webofscience.com/api/gateway?GWVersion=2&SrcAuth=InCites&SrcApp=tsm_test&DestApp=WOS_CPL&DestLinkType=FullRecord&KeyUT=ISI:000511096100001,135.8,12.231860160827637,13.745151,31.06,344.8372,306.8719,Domestic - Multiple,99.9861,25.617
WOS:001213811609007,n/a,n/a,Training language models to follow instructions with human feedback,"Ouyang, Long; Wu, Jeff; Jiang, Xu; Almeida, Diogo; Wainwright, Carroll L.; Mishkin, Pamela; Zhang, Chong; Agarwal, Sandhini; Slama, Katarina; Ray, Alex; Schulman, John; Hilton, Jacob; Kelton, Fraser; Miller, Luke; Simens, Maddie; Askell, Amanda; Welinder, Peter; Christiano, Paul",ADVANCES IN NEURAL INFORMATION PROCESSING SYSTEMS 35 (NEURIPS 2022),1001 Basic Medicine; 0402 Psychology; 0812 Computer Science and Technology,Proceedings Paper,n/a,n/a,n/a,2022,4103,https://www.webofscience.com/api/gateway?GWVersion=2&SrcAuth=InCites&SrcApp=tsm_test&DestApp=WOS_CPL&DestLinkType=FullRecord&KeyUT=ISI:001213811609007,10.254442,3.473634719848633,3.7281477,400.12,1181.1835,1100.5465,Domestic - Multiple,99.9975,n/a
WOS:000922928406057,n/a,n/a,SegFormer: Simple and Efficient Design for Semantic Segmentation with Transformers,"Xie, Enze; Wang, Wenhai; Yu, Zhiding; Anandkumar, Anima; Alvarez, Jose M.; Luo, Ping",ADVANCES IN NEURAL INFORMATION PROCESSING SYSTEMS 34 (NEURIPS 2021),1001 Basic Medicine; 0812 Computer Science and Technology; 0402 Psychology,Proceedings Paper,34,n/a,n/a,2021,3877,https://www.webofscience.com/api/gateway?GWVersion=2&SrcAuth=InCites&SrcApp=tsm_test&DestApp=WOS_CPL&DestLinkType=FullRecord&KeyUT=ISI:000922928406057,20.667952,3.8683371543884277,6.6566873,187.59,1002.2394,582.4218,International - Bilateral,99.9973,n/a
WOS:000581001200010,10.1093/cid/ciaa248,MEDLINE:32161940,"Dysregulation of Immune Response in Patients With Coronavirus 2019 (COVID-19) in Wuhan, China","Qin, Chuan; Zhou, Luoqi; Hu, Ziwei; Zhang, Shuoqi; Yang, Sheng; Tao, Yu; Xie, Cuihong; Ma, Ke; Shang, Ke; Wang, Wei; Tian, Dai-Shi",CLINICAL INFECTIOUS DISEASES,1001 Basic Medicine; 1004 Public Health and Preventive Medicine; 0710 Biology,Article,71,15,762-768,2020,3527,https://www.webofscience.com/api/gateway?GWVersion=2&SrcAuth=InCites&SrcApp=tsm_test&DestApp=WOS_CPL&DestLinkType=FullRecord&KeyUT=ISI:000581001200010,62.450687,20.340620040893555,15.702932,56.48,173.3969,224.6077,Domestic - Single,99.998,9.079
WOS:000901616407049,n/a,n/a,Diffusion Models Beat GANs on Image Synthesis,"Dhariwal, Prafulla; Nichol, Alex",ADVANCES IN NEURAL INFORMATION PROCESSING SYSTEMS 34 (NEURIPS 2021),0812 Computer Science and Technology; 1001 Basic Medicine; 0402 Psychology,Proceedings Paper,34,n/a,n/a,2021,3421,https://www.webofscience.com/api/gateway?GWVersion=2&SrcAuth=InCites&SrcApp=tsm_test&DestApp=WOS_CPL&DestLinkType=FullRecord&KeyUT=ISI:000901616407049,20.667952,3.8683371543884277,3.9767098,165.52,884.3593,860.2589,Domestic - Multiple,99.9946,n/a
WOS:000571121100044,10.1172/JCI137244,MEDLINE:32217835,Clinical and immunological features of severe and moderate coronavirus disease 2019,"Chen, Guang; Wu, Di; Guo, Wei; Cao, Yong; Huang, Da; Wang, Hongwu; Wang, Tao; Zhang, Xiaoyun; Chen, Huilong; Yu, Haijing; Zhang, Xiaoping; Zhang, Minxia; Wu, Shiji; Song, Jianxin; Chen, Tao; Han, Meifang; Li, Shusheng; Luo, Xiaoping; Zhao, Jianping; Ning, Qin",JOURNAL OF CLINICAL INVESTIGATION,1001 Basic Medicine,Article,130,5,2620-2629,2020,3323,https://www.webofscience.com/api/gateway?GWVersion=2&SrcAuth=InCites&SrcApp=tsm_test&DestApp=WOS_CPL&DestLinkType=FullRecord&KeyUT=ISI:000571121100044,76.395294,20.340620040893555,15.702932,43.5,163.3677,211.6165,Domestic - Single,99.9975,14.808
WOS:000549915600001,10.1177/0271678X20943823,n/a,The ARRIVE guidelines 2.0: Updated guidelines for reporting animal research*,"du Sert, Nathalie Percie; Hurst, Viki; Ahluwalia, Amrita; Alam, Sabina; Avey, Marc T.; Baker, Monya; Browne, William J.; Clark, Alejandra; Cuthill, Innes C.; Dirnagl, Ulrich; Emerson, Michael; Garner, Paul; Holgate, Stephen T.; Howells, David W.; Karp, Natasha A.; Lazic, Stanley E.; Lidster, Katie; MacCallum, Catriona J.; Macleod, Malcolm; Pearl, Esther J.; Petersen, Ole H.; Rawle, Frances; Reynolds, Penny; Rooney, Kieron; Sena, Emily S.; Silberberg, Shai D.; Steckler, Thomas; Wurbel, Hanno",JOURNAL OF CEREBRAL BLOOD FLOW AND METABOLISM,1001 Basic Medicine; 1002 Clinical Medicine,Article,40,9,1769-1777,2020,3321,https://www.webofscience.com/api/gateway?GWVersion=2&SrcAuth=InCites&SrcApp=tsm_test&DestApp=WOS_CPL&DestLinkType=FullRecord&KeyUT=ISI:000549915600001,45.680628,20.340620040893555,42.41613,72.7,163.2694,78.2957,International - Quadrilateral +,99.997,6.2
WOS:000522379600001,10.1038/s41580-020-0230-3,MEDLINE:32231263,Reactive oxygen species (ROS) as pleiotropic physiological signalling agents,"Sies, Helmut; Jones, Dean P.",NATURE REVIEWS MOLECULAR CELL BIOLOGY,1001 Basic Medicine; 0710 Biology,Review,21,7,363-383,2020,3315,https://www.webofscience.com/api/gateway?GWVersion=2&SrcAuth=InCites&SrcApp=tsm_test&DestApp=WOS_CPL&DestLinkType=FullRecord&KeyUT=ISI:000522379600001,753.22,47.029273986816406,52.879356,4.4,70.488,62.6899,International - Bilateral,99.9969,94.444
WOS:000513168400005,10.1186/s12864-019-6413-7,MEDLINE:31898477,The advantages of the Matthews correlation coefficient (MCC) over F1 score and accuracy in binary classification evaluation,"Chicco, Davide; Jurman, Giuseppe",BMC GENOMICS,0836 Biotechnology and Bioengineering; 1001 Basic Medicine; 0710 Biology,Article,21,1,n/a,2020,3242,https://www.webofscience.com/api/gateway?GWVersion=2&SrcAuth=InCites&SrcApp=tsm_test&DestApp=WOS_CPL&DestLinkType=FullRecord&KeyUT=ISI:000513168400005,23.593103,20.340620040893555,23.734728,137.41,159.3855,136.5931,International - Bilateral,99.9965,3.969
WOS:000529739500001,10.1038/s41562-020-0884-z,MEDLINE:32355299,Using social and behavioural science to support COVID-19 pandemic response,"Van Bavel, Jay J.; Baicker, Katherine; Boggio, Paulo S.; Capraro, Valerio; Cichocka, Aleksandra; Cikara, Mina; Crockett, Molly J.; Crum, Alia J.; Douglas, Karen M.; Druckman, James N.; Drury, John; Dube, Oeindrila; Ellemers, Naomi; Finkel, Eli J.; Fowler, James H.; Gelfand, Michele; Han, Shihui; Haslam, S. Alexander; Jetten, Jolanda; Kitayama, Shinobu; Mobbs, Dean; Napper, Lucy E.; Packer, Dominic J.; Pennycook, Gordon; Peters, Ellen; Petty, Richard E.; Rand, David G.; Reicher, Stephen D.; Schnall, Simone; Shariff, Azim; Skitka, Linda J.; Smith, Sandra Susan; Sunstein, Cass R.; Tabri, Nassim; Tucker, Joshua A.; van der Linden, Sander; van Lange, Paul; Weeden, Kim A.; Wohl, Michael J. A.; Zaki, Jamil; Zion, Sean R.; Willer, Robb",NATURE HUMAN BEHAVIOUR,0402 Psychology; 1001 Basic Medicine,Article,4,5,460-471,2020,3231,https://www.webofscience.com/api/gateway?GWVersion=2&SrcAuth=InCites&SrcApp=tsm_test&DestApp=WOS_CPL&DestLinkType=FullRecord&KeyUT=ISI:000529739500001,120.092857,20.340620040893555,42.41613,26.9,158.8447,76.1739,International - Quadrilateral +,99.996,13.663
WOS:000529597900002,10.1038/s41591-020-0897-1,n/a,Antibody responses to SARS-CoV-2 in patients with COVID-19,"Long, Quan-Xin; Liu, Bai-Zhong; Deng, Hai-Jun; Wu, Gui-Cheng; Deng, Kun; Chen, Yao-Kai; Liao, Pu; Qiu, Jing-Fu; Lin, Yong; Cai, Xue-Fei; Wang, De-Qiang; Hu, Yuan; Ren, Ji-Hua; Tang, Ni; Xu, Yin-Yin; Yu, Li-Hua; Mo, Zhan; Gong, Fang; Zhang, Xiao-Li; Tian, Wen-Guang; Hu, Li; Zhang, Xian-Xiang; Xiang, Jiang-Lin; Du, Hong-Xin; Liu, Hua-Wen; Lang, Chun-Hui; Luo, Xiao-He; Wu, Shao-Bo; Cui, Xiao-Ping; Zhou, Zheng; Zhu, Man-Man; Wang, Jing; Xue, Cheng-Jun; Li, Xiao-Feng; Wang, Li; Li, Zhi-Jie; Wang, Kun; Niu, Chang-Chun; Yang, Qing-Jun; Tang, Xiao-Jun; Zhang, Yong; Liu, Xia-Mao; Li, Jin-Jing; Zhang, De-Chun; Zhang, Fan; Liu, Ping; Yuan, Jun; Li, Qin; Hu, Jie-Li; Chen, Juan; Huang, Ai-Long",NATURE MEDICINE,1001 Basic Medicine; 0710 Biology,Article,26,6,845-+,2020,3220,https://www.webofscience.com/api/gateway?GWVersion=2&SrcAuth=InCites&SrcApp=tsm_test&DestApp=WOS_CPL&DestLinkType=FullRecord&KeyUT=ISI:000529597900002,295.557143,20.340620040893555,19.044899,10.89,158.3039,169.0741,Domestic - Multiple,99.9949,53.44
WOS:000595479200001,10.1093/cid/ciaa344,n/a,Antibody Responses to SARS-CoV-2 in Patients With Novel Coronavirus Disease 2019,"Zhao, Juanjuan; Yuan, Quan; Wang, Haiyan; Liu, Wei; Liao, Xuejiao; Su, Yingying; Wang, Xin; Yuan, Jing; Li, Tingdong; Li, Jinxiu; Qian, Shen; Hong, Congming; Wang, Fuxiang; Liu, Yingxia; Wang, Zhaoqin; He, Qing; Li, Zhiyong; He, Bin; Zhang, Tianying; Fu, Yang; Ge, Shengxiang; Liu, Lei; Zhang, Jun; Xia, Ningshao; Zhang, Zheng",CLINICAL INFECTIOUS DISEASES,1001 Basic Medicine; 1004 Public Health and Preventive Medicine; 0710 Biology,Article,71,16,2027-2034,2020,3220,https://www.webofscience.com/api/gateway?GWVersion=2&SrcAuth=InCites&SrcApp=tsm_test&DestApp=WOS_CPL&DestLinkType=FullRecord&KeyUT=ISI:000595479200001,62.450687,20.340620040893555,19.044899,51.56,158.3039,169.0741,Domestic - Multiple,99.9949,9.079
WOS:000601144500002,10.1038/s41580-020-00315-9,MEDLINE:33353982,Gene regulation by long non-coding RNAs and its biological functions,"Statello, Luisa; Guo, Chun-Jie; Chen, Ling-Ling; Huarte, Maite",NATURE REVIEWS MOLECULAR CELL BIOLOGY,1001 Basic Medicine; 0710 Biology,Review,22,2,96-118,2020,3138,https://www.webofscience.com/api/gateway?GWVersion=2&SrcAuth=InCites&SrcApp=tsm_test&DestApp=WOS_CPL&DestLinkType=FullRecord&KeyUT=ISI:000601144500002,753.22,47.029273986816406,52.879356,4.17,66.7244,59.3426,International - Bilateral,99.9939,94.444
WOS:000631496800002,10.1038/s41591-021-01283-z,MEDLINE:33753937,Post-acute COVID-19 syndrome,"Nalbandian, Ani; Sehgal, Kartik; Gupta, Aakriti; Madhavan, Mahesh V.; McGroder, Claire; Stevens, Jacob S.; Cook, Joshua R.; Nordvig, Anna S.; Shalev, Daniel; Sehrawat, Tejasav S.; Ahluwalia, Neha; Bikdeli, Behnood; Dietz, Donald; Der-Nigoghossian, Caroline; Liyanage-Don, Nadia; Rosner, Gregg F.; Bernstein, Elana J.; Mohan, Sumit; Beckley, Akinpelumi A.; Seres, David S.; Choueiri, Toni K.; Uriel, Nir; Ausiello, John C.; Accili, Domenico; Freedberg, Daniel E.; Baldwin, Matthew; Schwartz, Allan; Brodie, Daniel; Garcia, Christine Kim; Elkind, Mitchell S. V.; Connors, Jean M.; Bilezikian, John P.; Landry, Donald W.; Wan, Elaine Y.",NATURE MEDICINE,0710 Biology; 1001 Basic Medicine,Review,27,4,601-615,2021,3070,https://www.webofscience.com/api/gateway?GWVersion=2&SrcAuth=InCites&SrcApp=tsm_test&DestApp=WOS_CPL&DestLinkType=FullRecord&KeyUT=ISI:000631496800002,639.181818,32.43564987182617,31.087643,4.8,94.6489,98.7531,Domestic - Multiple,99.9945,87.244
WOS:000529487700004,10.1038/s41577-020-0311-8,MEDLINE:32346093,"The trinity of COVID-19: immunity, inflammation and intervention","Tay, Matthew Zirui; Poh, Chek Meng; Renia, Laurent; MacAry, Paul A.; Ng, Lisa F. P.",NATURE REVIEWS IMMUNOLOGY,1001 Basic Medicine,Review,20,6,363-374,2020,3057,https://www.webofscience.com/api/gateway?GWVersion=2&SrcAuth=InCites&SrcApp=tsm_test&DestApp=WOS_CPL&DestLinkType=FullRecord&KeyUT=ISI:000529487700004,475.745455,47.029273986816406,52.879356,6.43,65.0021,57.8108,International - Bilateral,99.9908,53.106
WOS:001202259101051,n/a,n/a,Chain-of-Thought Prompting Elicits Reasoning in Large Language Models,"Wei, Jason; Wang, Xuezhi; Schuurmans, Dale; Bosma, Maarten; Ichter, Brian; Xia, Fei; Chi, Ed H.; Le, Quoc V.; Zhou, Denny","ADVANCES IN NEURAL INFORMATION PROCESSING SYSTEMS 35, NEURIPS 2022",1001 Basic Medicine; 0812 Computer Science and Technology; 0402 Psychology,Proceedings Paper,n/a,n/a,n/a,2022,3041,https://www.webofscience.com/api/gateway?GWVersion=2&SrcAuth=InCites&SrcApp=tsm_test&DestApp=WOS_CPL&DestLinkType=FullRecord&KeyUT=ISI:001202259101051,10.254442,3.473634719848633,2.503661,296.55,875.4519,1214.6213,Domestic - Single,99.9951,n/a
WOS:000520398600001,10.1038/s41591-020-0820-9,MEDLINE:32284615,The proximal origin of SARS-CoV-2,"Andersen, Kristian G.; Rambaut, Andrew; Lipkin, W. Ian; Holmes, Edward C.; Garry, Robert F.",NATURE MEDICINE,1001 Basic Medicine; 0710 Biology,Letter,26,4,450-452,2020,3018,https://www.webofscience.com/api/gateway?GWVersion=2&SrcAuth=InCites&SrcApp=tsm_test&DestApp=WOS_CPL&DestLinkType=FullRecord&KeyUT=ISI:000520398600001,180.740741,12.231860160827637,24.592335,16.7,246.7327,122.7212,International - Trilateral,99.9722,53.44
WOS:000525799600005,10.1016/j.jaut.2020.102433,MEDLINE:32113704,The epidemiology and pathogenesis of coronavirus disease (COVID-19) outbreak,"Rothan, Hussin A.; Byrareddy, Siddappa N.",JOURNAL OF AUTOIMMUNITY,1001 Basic Medicine,Review,109,n/a,n/a,2020,3013,https://www.webofscience.com/api/gateway?GWVersion=2&SrcAuth=InCites&SrcApp=tsm_test&DestApp=WOS_CPL&DestLinkType=FullRecord&KeyUT=ISI:000525799600005,182.428571,47.029273986816406,45.236877,16.52,64.0665,66.605,Domestic - Multiple,99.9877,7.094
WOS:000537399500011,10.1016/j.cell.2020.04.026,MEDLINE:32416070,Imbalanced Host Response to SARS-CoV-2 Drives Development of COVID-19,"Blanco-Melo, Daniel; Nilsson-Payant, Benjamin E.; Liu, Wen-Chun; Uhl, Skyler; Hoagland, Daisy; Moller, Rasmus; Jordan, Tristan X.; Oishi, Kohei; Panis, Maryline; Sachs, David; Wang, Taia T.; Schwartz, Robert E.; Lim, Jean K.; Albrecht, Randy A.; tenOever, Benjamin R.",CELL,1001 Basic Medicine; 0710 Biology,Article,181,5,1036-+,2020,2954,https://www.webofscience.com/api/gateway?GWVersion=2&SrcAuth=InCites&SrcApp=tsm_test&DestApp=WOS_CPL&DestLinkType=FullRecord&KeyUT=ISI:000537399500011,324.408719,20.340620040893555,19.044899,9.11,145.2266,155.1071,Domestic - Multiple,99.9944,41.584
WOS:000626474500006,10.1038/s41562-021-01079-8,MEDLINE:33686204,A global panel database of pandemic policies (Oxford COVID-19 Government Response Tracker),"Hale, Thomas; Angrist, Noam; Goldszmidt, Rafael; Kira, Beatriz; Petherick, Anna; Phillips, Toby; Webster, Samuel; Cameron-Blake, Emily; Hallas, Laura; Majumdar, Saptarshi; Tatlow, Helen",NATURE HUMAN BEHAVIOUR,0402 Psychology; 1001 Basic Medicine,Article,5,4,529-+,2021,2836,https://www.webofscience.com/api/gateway?GWVersion=2&SrcAuth=InCites&SrcApp=tsm_test&DestApp=WOS_CPL&DestLinkType=FullRecord&KeyUT=ISI:000626474500006,109.213115,14.812976837158203,16.725378,25.97,191.4538,169.5627,International - Bilateral,99.9985,24.252
WOS:000534463100001,10.1038/s41577-020-0306-5,MEDLINE:32433532,A guide to cancer immunotherapy: from T cell basic science to clinical practice,"Waldman, Alex D.; Fritz, Jill M.; Lenardo, Michael J.",NATURE REVIEWS IMMUNOLOGY,1001 Basic Medicine,Review,20,11,651-668,2020,2829,https://www.webofscience.com/api/gateway?GWVersion=2&SrcAuth=InCites&SrcApp=tsm_test&DestApp=WOS_CPL&DestLinkType=FullRecord&KeyUT=ISI:000534463100001,475.745455,47.029273986816406,45.236877,5.95,60.154,62.5375,Domestic - Multiple,99.9847,53.106
WOS:000651469300002,10.1038/s41591-021-01377-8,MEDLINE:34002089,Neutralizing antibody levels are highly predictive of immune protection from symptomatic SARS-CoV-2 infection,"Khoury, David S.; Cromer, Deborah; Reynaldi, Arnold; Schlub, Timothy E.; Wheatley, Adam K.; Juno, Jennifer A.; Subbarao, Kanta; Kent, Stephen J.; Triccas, James A.; Davenport, Miles P.",NATURE MEDICINE,1001 Basic Medicine; 0710 Biology,Article,27,7,1205-+,2021,2770,https://www.webofscience.com/api/gateway?GWVersion=2&SrcAuth=InCites&SrcApp=tsm_test&DestApp=WOS_CPL&DestLinkType=FullRecord&KeyUT=ISI:000651469300002,207.497537,14.812976837158203,14.031408,13.35,186.9982,197.4143,Domestic - Multiple,99.998,87.244
WOS:000511398100010,10.1038/s41419-020-2298-2,MEDLINE:32015325,"Ferroptosis: past, present and future","Li, Jie; Cao, Feng; Yin, He-liang; Huang, Zi-Jian; Lin, Zhi-tao; Mao, Ning; Sun, Bei; Wang, Gang",CELL DEATH & DISEASE,1001 Basic Medicine; 0710 Biology,Review,11,2,n/a,2020,2770,https://www.webofscience.com/api/gateway?GWVersion=2&SrcAuth=InCites&SrcApp=tsm_test&DestApp=WOS_CPL&DestLinkType=FullRecord&KeyUT=ISI:000511398100010,175.490196,47.029273986816406,45.236877,15.78,58.8995,61.2332,Domestic - Multiple,99.9816,8.469
WOS:000543822100009,10.1016/j.cell.2020.05.015,MEDLINE:32473127,Targets of T Cell Responses to SARS-CoV-2 Coronavirus in Humans with COVID-19 Disease and Unexposed Individuals,"Grifoni, Alba; Weiskopf, Daniela; Ramirez, Sydney, I; Mateus, Jose; Dan, Jennifer M.; Moderbacher, Carolyn Rydyznski; Rawlings, Stephen A.; Sutherland, Aaron; Premkumar, Lakshmanane; Jadi, Ramesh S.; Marrama, Daniel; de Silva, Aravinda M.; Frazier, April; Carlin, Aaron F.; Greenbaum, Jason A.; Peters, Bjoern; Krammer, Florian; Smith, Davey M.; Crotty, Shane; Sette, Alessandro",CELL,1001 Basic Medicine; 0710 Biology,Article,181,7,1489-+,2020,2702,https://www.webofscience.com/api/gateway?GWVersion=2&SrcAuth=InCites&SrcApp=tsm_test&DestApp=WOS_CPL&DestLinkType=FullRecord&KeyUT=ISI:000543822100009,324.408719,20.340620040893555,19.044899,8.33,132.8376,141.8753,Domestic - Multiple,99.9939,41.584
WOS:000561488500006,10.1016/j.cell.2020.06.043,MEDLINE:32697968,Tracking Changes in SARS-CoV-2 Spike: Evidence that D614G Increases Infectivity of the COVID-19 Virus,"Korber, Bette; Fischer, Will M.; Gnanakaran, Sandrasegaram; Yoon, Hyejin; Theiler, James; Abfalterer, Werner; Hengartner, Nick; Giorgi, Elena E.; Bhattacharya, Tanmoy; Foley, Brian; Hastie, Kathryn M.; Parker, Matthew D.; Partridge, David G.; Evans, Cariad M.; Freeman, Timothy M.; de Silva, Thushan, I; McDanal, Charlene; Perez, Lautaro G.; Tang, Haili; Moon-Walker, Alex; Whelan, Sean P.; LaBranche, Celia C.; Saphire, Erica O.; Montefiori, David C.",CELL,1001 Basic Medicine; 0710 Biology,Article,182,4,812-+,2020,2701,https://www.webofscience.com/api/gateway?GWVersion=2&SrcAuth=InCites&SrcApp=tsm_test&DestApp=WOS_CPL&DestLinkType=FullRecord&KeyUT=ISI:000561488500006,324.408719,20.340620040893555,23.734728,8.33,132.7885,113.7995,International - Bilateral,99.9934,41.584
WOS:001207696406002,n/a,n/a,Supervised Contrastive Learning,"Khosla, Prannay; Teterwak, Piotr; Wang, Chen; Sarna, Aaron; Tian, Yonglong; Isola, Phillip; Maschinot, Aaron; Liu, Ce; Krishnan, Dilip","ADVANCES IN NEURAL INFORMATION PROCESSING SYSTEMS 33, NEURIPS 2020",1001 Basic Medicine; 0402 Psychology; 0812 Computer Science and Technology,Proceedings Paper,33,n/a,n/a,2020,2645,https://www.webofscience.com/api/gateway?GWVersion=2&SrcAuth=InCites&SrcApp=tsm_test&DestApp=WOS_CPL&DestLinkType=FullRecord&KeyUT=ISI:001207696406002,35.714844,3.4453561305999756,3.8540442,74.06,767.7,686.2921,Domestic - Multiple,99.9964,n/a
WOS:000924669900001,10.1016/j.cell.2022.11.001,MEDLINE:36599349,Hallmarks of aging: An expanding universe,"Lopez-Otin, Carlos; Blasco, Maria A.; Partridge, Linda; Serrano, Manuel; Kroemer, Guido",CELL,0710 Biology; 1001 Basic Medicine,Review,186,2,243-278,2023,2610,https://www.webofscience.com/api/gateway?GWVersion=2&SrcAuth=InCites&SrcApp=tsm_test&DestApp=WOS_CPL&DestLinkType=FullRecord&KeyUT=ISI:000924669900001,260.294118,14.732012748718262,20.824772,10.03,177.1652,125.3315,International - Quadrilateral +,99.9966,45.6
WOS:000595432000001,10.1038/s41422-020-00441-1,MEDLINE:33268902,Ferroptosis: molecular mechanisms and health implications,"Tang, Daolin; Chen, Xin; Kang, Rui; Kroemer, Guido",CELL RESEARCH,1001 Basic Medicine; 0710 Biology,Review,31,2,107-125,2020,2561,https://www.webofscience.com/api/gateway?GWVersion=2&SrcAuth=InCites&SrcApp=tsm_test&DestApp=WOS_CPL&DestLinkType=FullRecord&KeyUT=ISI:000595432000001,634.769231,47.029273986816406,67.5422,4.03,54.4554,37.917,International - Quadrilateral +,99.9785,25.617
WOS:000571186100006,10.1097/j.pain.0000000000001939,MEDLINE:32694387,"The revised International Association for the Study of Pain definition of pain: concepts, challenges, and compromises","Raja, Srinivasa N.; Carr, Daniel B.; Cohen, Milton; Finnerup, Nanna B.; Flor, Herta; Gibson, Stephen; Keefe, Francis J.; Mogil, Jeffrey S.; Ringkamp, Matthias; Sluka, Kathleen A.; Song, Xue-Jun; Stevens, Bonnie; Sullivan, Mark D.; Tutelman, Perri R.; Ushida, Takahiro; Vader, Kyle",PAIN,1002 Clinical Medicine; 1001 Basic Medicine,Review,161,9,1976-1982,2020,2505,https://www.webofscience.com/api/gateway?GWVersion=2&SrcAuth=InCites&SrcApp=tsm_test&DestApp=WOS_CPL&DestLinkType=FullRecord&KeyUT=ISI:000571186100006,94.129032,47.029273986816406,67.5422,26.61,53.2647,37.0879,International - Quadrilateral +,99.9755,6.961
WOS:000555709500101,10.1016/j.bbi.2020.05.026,n/a,"Prevalence of depression, anxiety, and insomnia among healthcare workers during the COVID-19 pandemic: A systematic review and meta-analysis","Pappa, Sofia; Ntella, Vasiliki; Giannakas, Timoleon; Giannakoulis, Vassilis G.; Papoutsi, Eleni; Katsaounou, Paraskevi",BRAIN BEHAVIOR AND IMMUNITY,1002 Clinical Medicine; 1001 Basic Medicine,Review,88,n/a,901-907,2020,2470,https://www.webofscience.com/api/gateway?GWVersion=2&SrcAuth=InCites&SrcApp=tsm_test&DestApp=WOS_CPL&DestLinkType=FullRecord&KeyUT=ISI:000555709500101,216.268293,47.029273986816406,52.879356,11.42,52.5205,46.7101,International - Bilateral,99.9724,7.217
WOS:000572293100001,10.1186/s13059-020-02154-5,MEDLINE:32912315,GetOrganelle: a fast and versatile toolkit for accurate de novo assembly of organelle genomes,"Jin, Jian-Jun; Yu, Wen-Bin; Yang, Jun-Bo; Song, Yu; dePamphilis, Claude W.; Yi, Ting-Shuang; Li, De-Zhu",GENOME BIOLOGY,1001 Basic Medicine; 0836 Biotechnology and Bioengineering; 0710 Biology,Article,21,1,n/a,2020,2390,https://www.webofscience.com/api/gateway?GWVersion=2&SrcAuth=InCites&SrcApp=tsm_test&DestApp=WOS_CPL&DestLinkType=FullRecord&KeyUT=ISI:000572293100001,71.89272,20.340620040893555,29.971226,33.24,117.4989,79.7432,International - Trilateral,99.9929,13.583
WOS:001207696407010,n/a,n/a,wav2vec 2.0: A Framework for Self-Supervised Learning of Speech Representations,"Baevski, Alexei; Zhou, Henry; Mohamed, Abdelrahman; Auli, Michael","ADVANCES IN NEURAL INFORMATION PROCESSING SYSTEMS 33, NEURIPS 2020",1001 Basic Medicine; 0812 Computer Science and Technology; 0402 Psychology,Proceedings Paper,33,n/a,n/a,2020,2383,https://www.webofscience.com/api/gateway?GWVersion=2&SrcAuth=InCites&SrcApp=tsm_test&DestApp=WOS_CPL&DestLinkType=FullRecord&KeyUT=ISI:001207696407010,35.714844,3.4453561305999756,2.6102605,66.72,691.6556,912.9357,Domestic - Single,99.9947,n/a
WOS:000535468700001,10.1038/s41422-020-0332-7,MEDLINE:32433595,Interaction between microbiota and immunity in health and disease,"Zheng, Danping; Liwinski, Timur; Elinav, Eran",CELL RESEARCH,0710 Biology; 1001 Basic Medicine,Review,30,6,492-506,2020,2345,https://www.webofscience.com/api/gateway?GWVersion=2&SrcAuth=InCites&SrcApp=tsm_test&DestApp=WOS_CPL&DestLinkType=FullRecord&KeyUT=ISI:000535468700001,634.769231,47.029273986816406,58.291183,3.69,49.8626,40.2291,International - Trilateral,99.9693,25.617
WOS:000741368600042,10.1093/molbev/msab293,MEDLINE:34597405,"eggNOG-mapper v2: Functional Annotation, Orthology Assignments, and Domain Prediction at the Metagenomic Scale","Cantalapiedra, Carlos P.; Hernandez-Plaza, Ana; Letunic, Ivica; Bork, Peer; Huerta-Cepas, Jaime",MOLECULAR BIOLOGY AND EVOLUTION,1001 Basic Medicine; 0710 Biology,Article,38,12,5825-5829,2021,2328,https://www.webofscience.com/api/gateway?GWVersion=2&SrcAuth=InCites&SrcApp=tsm_test&DestApp=WOS_CPL&DestLinkType=FullRecord&KeyUT=ISI:000741368600042,53.176087,14.812976837158203,21.394352,43.78,157.1595,108.8138,International - Trilateral,99.9975,8.8
WOS:000715359700041,10.1093/molbev/msab199,MEDLINE:34320186,"BUSCO Update: Novel and Streamlined Workflows along with Broader and Deeper Phylogenetic Coverage for Scoring of Eukaryotic, Prokaryotic, and Viral Genomes","Manni, Mose; Berkeley, Matthew R.; Seppey, Mathieu; Simao, Felipe A.; Zdobnov, Evgeny M.",MOLECULAR BIOLOGY AND EVOLUTION,1001 Basic Medicine; 0710 Biology,Letter,38,10,4647-4654,2021,2170,https://www.webofscience.com/api/gateway?GWVersion=2&SrcAuth=InCites&SrcApp=tsm_test&DestApp=WOS_CPL&DestLinkType=FullRecord&KeyUT=ISI:000715359700041,370.833333,6.685861587524414,7.791069,5.85,324.5655,278.524,Domestic - Multiple,99.9844,8.8
WOS:000562835500016,10.1111/all.14238,MEDLINE:32077115,"Clinical characteristics of 140 patients infected with SARS-CoV-2 in Wuhan, China","Zhang, Jin-Jin; Dong, Xiang; Cao, Yi-yuan; Yuan, Ya-dong; Yang, Yi-bin; Yan, You-qin; Akdis, Cezmi A.; Gao, Ya-dong",ALLERGY,1001 Basic Medicine; 1002 Clinical Medicine,Article,75,7,1730-1741,2020,2167,https://www.webofscience.com/api/gateway?GWVersion=2&SrcAuth=InCites&SrcApp=tsm_test&DestApp=WOS_CPL&DestLinkType=FullRecord&KeyUT=ISI:000562835500016,55.765363,20.340620040893555,23.734728,38.86,106.5356,91.3008,International - Bilateral,99.9924,13.146
WOS:000582897600055,10.1016/j.bbi.2020.05.048,MEDLINE:32485289,COVID-19 pandemic and mental health consequences: Systematic review of the current evidence,"Vindegaard, Nina; Benros, Michael Eriksen",BRAIN BEHAVIOR AND IMMUNITY,1002 Clinical Medicine; 1001 Basic Medicine,Review,89,n/a,531-542,2020,2131,https://www.webofscience.com/api/gateway?GWVersion=2&SrcAuth=InCites&SrcApp=tsm_test&DestApp=WOS_CPL&DestLinkType=FullRecord&KeyUT=ISI:000582897600055,216.268293,47.029273986816406,45.236877,9.85,45.3122,47.1076,Domestic - Multiple,99.9663,7.217
WOS:000559184400051,10.1126/science.abc6027,MEDLINE:32661059,Impaired type I interferon activity and inflammatory responses in severe COVID-19 patients,"Hadjadj, Jerome; Yatim, Nader; Barnabei, Laura; Corneau, Aurelien; Boussier, Jeremy; Smith, Nikaia; Pere, Helene; Charbit, Bruno; Bondet, Vincent; Chenevier-Gobeaux, Camille; Breillat, Paul; Carlier, Nicolas; Gauzit, Remy; Morbieu, Caroline; Pene, Frederic; Marin, Nathalie; Roche, Nicolas; Szwebel, Tali-Anne; Merkling, Sarah H.; Treluyer, Jean-Marc; Veyer, David; Mouthon, Luc; Blanc, Catherine; Tharaux, Pierre-Louis; Rozenberg, Flore; Fischer, Alain; Duffy, Darragh; Rieux-Laucat, Frederic; Kerneis, Solen; Terrier, Benjamin",SCIENCE,1001 Basic Medicine,Article,369,6504,718-+,2020,2103,https://www.webofscience.com/api/gateway?GWVersion=2&SrcAuth=InCites&SrcApp=tsm_test&DestApp=WOS_CPL&DestLinkType=FullRecord&KeyUT=ISI:000559184400051,269.091153,20.340620040893555,19.044899,7.82,103.3892,110.4233,Domestic - Multiple,99.9919,47.728
WOS:000547236500007,10.1038/s41591-020-0968-3,MEDLINE:32651579,Extrapulmonary manifestations of COVID-19,"Gupta, Aakriti; Madhavan, Mahesh V.; Sehgal, Kartik; Nair, Nandini; Mahajan, Shiwani; Sehrawat, Tejasav S.; Bikdeli, Behnood; Ahluwalia, Neha; Ausiello, John C.; Wan, Elaine Y.; Freedberg, Daniel E.; Kirtane, Ajay J.; Parikh, Sahil A.; Maurer, Mathew S.; Nordvig, Anna S.; Accili, Domenico; Bathon, Joan M.; Mohan, Sumit; Bauer, Kenneth A.; Leon, Martin B.; Krumholz, Harlan M.; Uriel, Nir; Mehra, Mandeep R.; Elkind, Mitchell S. V.; Stone, Gregg W.; Schwartz, Allan; Ho, David D.; Bilezikian, John P.; Landry, Donald W.",NATURE MEDICINE,0710 Biology; 1001 Basic Medicine,Review,26,7,1017-1032,2020,2093,https://www.webofscience.com/api/gateway?GWVersion=2&SrcAuth=InCites&SrcApp=tsm_test&DestApp=WOS_CPL&DestLinkType=FullRecord&KeyUT=ISI:000547236500007,990.0,47.029273986816406,45.236877,2.11,44.5042,46.2676,Domestic - Multiple,99.9632,53.44
WOS:000703950900001,10.1038/s41580-021-00418-x,MEDLINE:34611326,Mechanisms of SARS-CoV-2 entry into cells,"Jackson, Cody B.; Farzan, Michael; Chen, Bing; Choe, Hyeryun",NATURE REVIEWS MOLECULAR CELL BIOLOGY,1001 Basic Medicine; 0710 Biology,Review,23,1,3-20,2021,2029,https://www.webofscience.com/api/gateway?GWVersion=2&SrcAuth=InCites&SrcApp=tsm_test&DestApp=WOS_CPL&DestLinkType=FullRecord&KeyUT=ISI:000703950900001,406.977778,32.43564987182617,31.087643,4.99,62.5546,65.2671,Domestic - Multiple,99.9918,113.915
WOS:001207690607001,n/a,n/a,Unsupervised Learning of Visual Features by Contrasting Cluster Assignments,"Caron, Mathilde; Misra, Ishan; Mairal, Julien; Goyal, Priya; Bojanowski, Piotr; Joulin, Armand","ADVANCES IN NEURAL INFORMATION PROCESSING SYSTEMS 33, NEURIPS 2020",1001 Basic Medicine; 0812 Computer Science and Technology; 0402 Psychology,Proceedings Paper,33,n/a,n/a,2020,2009,https://www.webofscience.com/api/gateway?GWVersion=2&SrcAuth=InCites&SrcApp=tsm_test&DestApp=WOS_CPL&DestLinkType=FullRecord&KeyUT=ISI:001207690607001,35.714844,3.4453561305999756,4.90656,56.25,583.1037,409.4518,International - Bilateral,99.9929,n/a
WOS:000648816500001,10.1038/s41562-021-01122-8,MEDLINE:33972767,A global database of COVID-19 vaccinations,"Mathieu, Edouard; Ritchie, Hannah; Ortiz-Ospina, Esteban; Roser, Max; Hasell, Joe; Appel, Cameron; Giattino, Charlie; Rodes-Guirao, Lucas",NATURE HUMAN BEHAVIOUR,0402 Psychology; 1001 Basic Medicine,Article,5,7,947-953,2021,1998,https://www.webofscience.com/api/gateway?GWVersion=2&SrcAuth=InCites&SrcApp=tsm_test&DestApp=WOS_CPL&DestLinkType=FullRecord&KeyUT=ISI:000648816500001,109.213115,14.812976837158203,14.031408,18.29,134.8817,142.3948,Domestic - Multiple,99.997,24.252
WOS:000510381600001,10.1080/22221751.2020.1719902,MEDLINE:31987001,Genomic characterization of the 2019 novel human-pathogenic coronavirus isolated from a patient with atypical pneumonia after visiting Wuhan,"Chan, Jasper Fuk-Woo; Kok, Kin-Hang; Zhu, Zheng; Chu, Hin; To, Kelvin Kai-Wang; Yuan, Shuofeng; Yuen, Kwok-Yung",EMERGING MICROBES & INFECTIONS,1001 Basic Medicine; 0710 Biology,Article,9,1,221-236,2020,1948,https://www.webofscience.com/api/gateway?GWVersion=2&SrcAuth=InCites&SrcApp=tsm_test&DestApp=WOS_CPL&DestLinkType=FullRecord&KeyUT=ISI:000510381600001,71.349794,20.340620040893555,15.702932,27.3,95.769,124.0533,Domestic - Single,99.9914,7.163
WOS:000657201100001,10.1038/s41380-021-01161-7,MEDLINE:34079068,Age at onset of mental disorders worldwide: large-scale meta-analysis of 192 epidemiological studies,"Solmi, Marco; Radua, Joaquim; Olivola, Miriam; Croce, Enrico; Soardo, Livia; Salazar de Pablo, Gonzalo; Shin, Jae Il; Kirkbride, James B.; Jones, Peter; Kim, Jae Han; Kim, Jong Yeob; Carvalho, Andre F.; Seeman, Mary V.; Correll, Christoph U.; Fusar-Poli, Paolo",MOLECULAR PSYCHIATRY,1001 Basic Medicine; 0710 Biology; 1002 Clinical Medicine,Review,27,1,281-295,2021,1914,https://www.webofscience.com/api/gateway?GWVersion=2&SrcAuth=InCites&SrcApp=tsm_test&DestApp=WOS_CPL&DestLinkType=FullRecord&KeyUT=ISI:000657201100001,96.371429,32.43564987182617,44.860725,19.86,59.0091,42.6654,International - Quadrilateral +,99.989,13.437
WOS:000580473100001,10.1038/s41591-020-1124-9,MEDLINE:33082575,A global survey of potential acceptance of a COVID-19 vaccine,"Lazarus, Jeffrey V.; Ratzan, Scott C.; Palayew, Adam; Gostin, Lawrence O.; Larson, Heidi J.; Rabin, Kenneth; Kimball, Spencer; El-Mohandes, Ayman",NATURE MEDICINE,1001 Basic Medicine; 0710 Biology,Article,27,2,225-+,2020,1902,https://www.webofscience.com/api/gateway?GWVersion=2&SrcAuth=InCites&SrcApp=tsm_test&DestApp=WOS_CPL&DestLinkType=FullRecord&KeyUT=ISI:000580473100001,295.557143,20.340620040893555,29.971226,6.44,93.5075,63.4609,International - Trilateral,99.9909,53.44
WOS:000545501600002,10.1038/s41423-020-0488-6,MEDLINE:32612154,The history and advances in cancer immunotherapy: understanding the characteristics of tumor-infiltrating immune cells and their therapeutic implications,"Zhang, Yuanyuan; Zhang, Zemin",CELLULAR & MOLECULAR IMMUNOLOGY,1001 Basic Medicine,Review,17,8,807-821,2020,1893,https://www.webofscience.com/api/gateway?GWVersion=2&SrcAuth=InCites&SrcApp=tsm_test&DestApp=WOS_CPL&DestLinkType=FullRecord&KeyUT=ISI:000545501600002,164.490566,47.029273986816406,42.237686,11.51,40.2515,44.8178,Domestic - Single,99.9601,11.53
WOS:001207690604072,n/a,n/a,Retrieval-Augmented Generation for Knowledge-Intensive NLP Tasks,"Lewis, Patrick; Perez, Ethan; Piktus, Aleksandra; Petroni, Fabio; Karpukhin, Vladimir; Goyal, Naman; Kuttler, Heinrich; Lewis, Mike; Yih, Wen-tau; Rocktaschel, Tim; Riedel, Sebastian; Kiela, Douwe","ADVANCES IN NEURAL INFORMATION PROCESSING SYSTEMS 33, NEURIPS 2020",1001 Basic Medicine; 0812 Computer Science and Technology; 0402 Psychology,Proceedings Paper,33,n/a,n/a,2020,1892,https://www.webofscience.com/api/gateway?GWVersion=2&SrcAuth=InCites&SrcApp=tsm_test&DestApp=WOS_CPL&DestLinkType=FullRecord&KeyUT=ISI:001207690604072,35.714844,3.4453561305999756,4.90656,52.98,549.145,385.6062,International - Bilateral,99.9911,n/a
WOS:000533623900014,10.1016/j.cell.2020.03.045,MEDLINE:32275855,Structural and Functional Basis of SARS-CoV-2 Entry by Using Human ACE2,"Wang, Qihui; Zhang, Yanfang; Wu, Lili; Niu, Sheng; Song, Chunli; Zhang, Zengyuan; Lu, Guangwen; Qiao, Chengpeng; Hu, Yu; Yuen, Kwok-Yung; Wang, Qisheng; Zhou, Huan; Yan, Jinghua; Qi, Jianxun",CELL,1001 Basic Medicine; 0710 Biology,Article,181,4,894-+,2020,1876,https://www.webofscience.com/api/gateway?GWVersion=2&SrcAuth=InCites&SrcApp=tsm_test&DestApp=WOS_CPL&DestLinkType=FullRecord&KeyUT=ISI:000533623900014,324.408719,20.340620040893555,19.044899,5.78,92.2292,98.5041,Domestic - Multiple,99.9904,41.584
WOS:000582709700003,10.1093/cid/ciz1008,MEDLINE:31802125,Revision and Update of the Consensus Definitions of Invasive Fungal Disease From the European Organization for Research and Treatment of Cancer and the Mycoses Study Group Education and Research Consortium,"Donnelly, J. Peter; Chen, Sharon C.; Kauffman, Carol A.; Steinbach, William J.; Baddley, John W.; Verweij, Paul E.; Clancy, Cornelius J.; Wingard, John R.; Lockhart, Shawn R.; Groll, Andreas H.; Sorrell, Tania C.; Bassetti, Matteo; Akan, Hamdi; Alexander, Barbara D.; Andes, David; Azoulay, Elie; Bialek, Ralf; Bradsher, Robert W., Jr.; Bretagne, Stephane; Calandra, Thierry; Caliendo, Angela M.; Castagnola, Elio; Cruciani, Mario; Cuenca-Estrella, Manuel; Decker, Catherine F.; Desai, Sujal R.; Fisher, Brian; Harrison, Thomas; Heussel, Claus Peter; Jensen, Henrik E.; Kibbler, Christopher C.; Kontoyiannis, Dimitrios P.; Kullberg, Bart-Jan; Lagrou, Katrien; Lamoth, Frederic; Lehrnbecher, Thomas; Loeffler, Jurgen; Lortholary, Olivier; Maertens, Johan; Marchetti, Oscar; Marr, Kieren A.; Masur, Henry; Meis, Jacques F.; Morrisey, C. Orla; Nucci, Marcio; Ostrosky-Zeichner, Luis; Pagano, Livio; Patterson, Thomas F.; Perfect, John R.; Racil, Zdenek; Roilides, Emmanuel; Ruhnke, Marcus; Prokop, Cornelia Schaefer; Shoham, Shmuel; Slavin, Monica A.; Stevens, David A.; Thompson, George R., III; Vazquez, Jose A.; Viscoli, Claudio; Walsh, Thomas J.; Warris, Adilia; Wheat, L. Joseph; White, P. Lewis; Zaoutis, Theoklis E.; Pappas, Peter G.",CLINICAL INFECTIOUS DISEASES,1001 Basic Medicine; 1004 Public Health and Preventive Medicine; 0710 Biology,Article,71,6,1367-1376,2020,1856,https://www.webofscience.com/api/gateway?GWVersion=2&SrcAuth=InCites&SrcApp=tsm_test&DestApp=WOS_CPL&DestLinkType=FullRecord&KeyUT=ISI:000582709700003,62.450687,20.340620040893555,42.41613,29.72,91.246,43.7569,International - Quadrilateral +,99.9899,9.079
WOS:000532113900004,10.1038/s41591-020-0901-9,MEDLINE:32398875,Single-cell landscape of bronchoalveolar immune cells in patients with COVID-19,"Liao, Mingfeng; Liu, Yang; Yuan, Jing; Wen, Yanling; Xu, Gang; Zhao, Juanjuan; Cheng, Lin; Li, Jinxiu; Wang, Xin; Wang, Fuxiang; Liu, Lei; Amit, Ido; Zhang, Shuye; Zhang, Zheng",NATURE MEDICINE,1001 Basic Medicine; 0710 Biology,Article,26,6,842-+,2020,1848,https://www.webofscience.com/api/gateway?GWVersion=2&SrcAuth=InCites&SrcApp=tsm_test&DestApp=WOS_CPL&DestLinkType=FullRecord&KeyUT=ISI:000532113900004,295.557143,20.340620040893555,23.734728,6.25,90.8527,77.8606,International - Bilateral,99.9894,53.44
WOS:000542965400015,10.1016/j.bbi.2020.04.028,MEDLINE:32298802,A longitudinal study on the mental health of general population during the COVID-19 epidemic in China,"Wang, Cuiyan; Pan, Riyu; Wan, Xiaoyang; Tan, Yilin; Xu, Linkang; McIntyre, Roger S.; Choo, Faith N.; Tran, Bach; Ho, Roger; Sharma, Vijay K.; Ho, Cyrus",BRAIN BEHAVIOR AND IMMUNITY,1001 Basic Medicine; 1002 Clinical Medicine,Article,87,n/a,40-48,2020,1819,https://www.webofscience.com/api/gateway?GWVersion=2&SrcAuth=InCites&SrcApp=tsm_test&DestApp=WOS_CPL&DestLinkType=FullRecord&KeyUT=ISI:000542965400015,62.750789,20.340620040893555,42.41613,28.99,89.427,42.8846,International - Quadrilateral +,99.9889,7.217
WOS:000530774900001,10.1038/s41577-020-0331-4,MEDLINE:32376901,Pathological inflammation in patients with COVID-19: a key role for monocytes and macrophages,"Merad, Miriam; Martin, Jerome C.",NATURE REVIEWS IMMUNOLOGY,1001 Basic Medicine,Article,20,6,355-362,2020,1803,https://www.webofscience.com/api/gateway?GWVersion=2&SrcAuth=InCites&SrcApp=tsm_test&DestApp=WOS_CPL&DestLinkType=FullRecord&KeyUT=ISI:000530774900001,377.076923,20.340620040893555,23.734728,4.78,88.6404,75.9646,International - Bilateral,99.9884,53.106
WOS:000508151500001,10.1038/s41580-019-0199-y,MEDLINE:31937935,"mTOR at the nexus of nutrition, growth, ageing and disease","Liu, Grace Y.; Sabatini, David M.",NATURE REVIEWS MOLECULAR CELL BIOLOGY,1001 Basic Medicine; 0710 Biology,Review,21,4,183-203,2020,1793,https://www.webofscience.com/api/gateway?GWVersion=2&SrcAuth=InCites&SrcApp=tsm_test&DestApp=WOS_CPL&DestLinkType=FullRecord&KeyUT=ISI:000508151500001,753.22,47.029273986816406,45.236877,2.38,38.1252,39.6358,Domestic - Multiple,99.957,94.444
WOS:000784301900001,10.1016/j.ecoenv.2021.113160,MEDLINE:35026583,A critical review on the treatment of dye-containing wastewater: Ecotoxicological and health concerns of textile dyes and possible remediation approaches for environmental safety,"Al-Tohamy, Rania; Ali, Sameh S.; Li, Fanghua; Okasha, Kamal M.; Mahmoud, Yehia A. -G.; Elsamahy, Tamer; Jiao, Haixin; Fu, Yinyi; Sun, Jianzhong",ECOTOXICOLOGY AND ENVIRONMENTAL SAFETY,1001 Basic Medicine; 0830 Environmental Science and Engineering; 0837 Safety Science and Engineering,Review,231,n/a,n/a,2022,1765,https://www.webofscience.com/api/gateway?GWVersion=2&SrcAuth=InCites&SrcApp=tsm_test&DestApp=WOS_CPL&DestLinkType=FullRecord&KeyUT=ISI:000784301900001,73.804348,22.716196060180664,30.993956,23.91,77.6979,56.9466,International - Trilateral,99.997,6.8
WOS:000922928208006,n/a,n/a,MLP-Mixer: An all-MLP Architecture for Vision,"Tolstikhin, Ilya; Houlsby, Neil; Kolesnikov, Alexander; Beyer, Lucas; Zhai, Xiaohua; Unterthiner, Thomas; Yung, Jessica; Steiner, Andreas; Keysers, Daniel; Uszkoreit, Jakob; Lucic, Mario; Dosovitskiy, Alexey",ADVANCES IN NEURAL INFORMATION PROCESSING SYSTEMS 34 (NEURIPS 2021),1001 Basic Medicine; 0402 Psychology; 0812 Computer Science and Technology,Proceedings Paper,34,n/a,n/a,2021,1758,https://www.webofscience.com/api/gateway?GWVersion=2&SrcAuth=InCites&SrcApp=tsm_test&DestApp=WOS_CPL&DestLinkType=FullRecord&KeyUT=ISI:000922928208006,20.667952,3.8683371543884277,3.9767098,85.06,454.4588,442.074,Domestic - Multiple,99.992,n/a
WOS:000528517900001,10.1038/s41591-020-0868-6,MEDLINE:32327758,SARS-CoV-2 entry factors are highly expressed in nasal epithelial cells together with innate immune genes,"Sungnak, Waradon; Huang, Ni; Becavin, Christophe; Berg, Marijn; Queen, Rachel; Litvinukova, Monika; Talavera-Lopez, Carlos; Maatz, Henrike; Reichart, Daniel; Sampaziotis, Fotios; Worlock, Kaylee B.; Yoshida, Masahiro; Barnes, Josephine L.",NATURE MEDICINE,1001 Basic Medicine; 0710 Biology,Article,26,5,681-+,2020,1752,https://www.webofscience.com/api/gateway?GWVersion=2&SrcAuth=InCites&SrcApp=tsm_test&DestApp=WOS_CPL&DestLinkType=FullRecord&KeyUT=ISI:000528517900001,295.557143,20.340620040893555,42.41613,5.93,86.1331,41.305,International - Quadrilateral +,99.9879,53.44
WOS:000828297500005,10.1016/j.cell.2022.06.003,MEDLINE:35803244,"Ferroptosis turns 10: Emerging mechanisms, physiological functions, and therapeutic applications","Stockwell, Brent R.",CELL,0710 Biology; 1001 Basic Medicine,Review,185,14,2401-2421,2022,1727,https://www.webofscience.com/api/gateway?GWVersion=2&SrcAuth=InCites&SrcApp=tsm_test&DestApp=WOS_CPL&DestLinkType=FullRecord&KeyUT=ISI:000828297500005,283.461538,22.716196060180664,20.804178,6.09,76.0251,83.0122,Domestic - Single,99.9939,64.5
WOS:000514672300001,10.3389/fendo.2020.00025,MEDLINE:32082260,The Role of Short-Chain Fatty Acids From Gut Microbiota in Gut-Brain Communication,"Silva, Ygor Parladore; Bernardi, Andressa; Frozza, Rudimar Luiz",FRONTIERS IN ENDOCRINOLOGY,1002 Clinical Medicine; 1001 Basic Medicine; 0710 Biology; 0703 Chemistry,Review,11,n/a,n/a,2020,1724,https://www.webofscience.com/api/gateway?GWVersion=2&SrcAuth=InCites&SrcApp=tsm_test&DestApp=WOS_CPL&DestLinkType=FullRecord&KeyUT=ISI:000514672300001,51.960422,47.029273986816406,45.236877,33.18,36.658,38.1105,Domestic - Multiple,99.9509,5.555
WOS:000510887000007,10.1038/s41580-019-0173-8,MEDLINE:31636403,Mitochondria as multifaceted regulators of cell death,"Bock, Florian J.; Tait, Stephen W. G.",NATURE REVIEWS MOLECULAR CELL BIOLOGY,1001 Basic Medicine; 0710 Biology,Review,21,2,85-100,2020,1724,https://www.webofscience.com/api/gateway?GWVersion=2&SrcAuth=InCites&SrcApp=tsm_test&DestApp=WOS_CPL&DestLinkType=FullRecord&KeyUT=ISI:000510887000007,753.22,47.029273986816406,45.236877,2.29,36.658,38.1105,Domestic - Multiple,99.9509,94.444
WOS:000536250000001,10.3389/fimmu.2020.00827,MEDLINE:32425950,Reduction and Functional Exhaustion of T Cells in Patients With Coronavirus Disease 2019 (COVID-19),"Diao, Bo; Wang, Chenhui; Tan, Yingjun; Chen, Xiewan; Liu, Ying; Ning, Lifen; Chen, Li; Li, Min; Liu, Yueping; Wang, Gang; Yuan, Zilin; Feng, Zeqing; Zhang, Yi; Wu, Yuzhang; Chen, Yongwen",FRONTIERS IN IMMUNOLOGY,1001 Basic Medicine,Article,11,n/a,n/a,2020,1723,https://www.webofscience.com/api/gateway?GWVersion=2&SrcAuth=InCites&SrcApp=tsm_test&DestApp=WOS_CPL&DestLinkType=FullRecord&KeyUT=ISI:000536250000001,24.377693,20.340620040893555,19.044899,70.68,84.7073,90.4704,Domestic - Multiple,99.9873,7.561
WOS:000994985900001,10.1016/j.ccell.2023.02.016,MEDLINE:36917948,The evolving tumor microenvironment From cancer initiation to metastatic outgrowth,"de Visser, Karin E.; Joyce, Johanna A.",CANCER CELL,1002 Clinical Medicine; 1001 Basic Medicine; 0710 Biology,Review,41,3,374-403,2023,1679,https://www.webofscience.com/api/gateway?GWVersion=2&SrcAuth=InCites&SrcApp=tsm_test&DestApp=WOS_CPL&DestLinkType=FullRecord&KeyUT=ISI:000994985900001,228.375,14.732012748718262,16.705103,7.35,113.9695,100.5082,International - Bilateral,99.9933,48.8
WOS:000537399500010,10.1016/j.cell.2020.04.035,n/a,SARS-CoV-2 Receptor ACE2 Is an Interferon-Stimulated Gene in Human Airway Epithelial Cells and Is Detected in Specific Cell Subsets across Tissues,"Ziegler, Carly G. K.; Allon, Samuel J.; Nyquist, Sarah K.; Mbano, Ian M.; Miao, Vincent N.; Tzouanas, Constantine N.; Cao, Yuming; Yousif, Ashraf S.; Bals, Julia; Hauser, Blake M.; Feldman, Jared; Muus, Christoph; Wadsworth, Marc H., II; Kazer, Samuel W.; Hughes, Travis K.; Doran, Benjamin; Gatter, G. James; Vukovic, Marko; Taliaferro, Faith; Mead, Benjamin E.; Guo, Zhiru; Wang, Jennifer P.; Gras, Delphine; Plaisant, Magali; Ansari, Meshal; Angelidis, Ilias; Adler, Heiko; Sucre, Jennifer M. S.; Taylor, Chase J.; Lin, Brian; Waghray, Avinash; Mitsialis, Vanessa; Dwyer, Daniel F.; Buchheit, Kathleen M.; Boyce, Joshua A.; Barrett, Nora A.; Laidlaw, Tanya M.; Carroll, Shaina L.; Colonna, Lucrezia; Tkachev, Victor; Peterson, Christopher W.; Yu, Alison; Zheng, Hengqi Betty; Gideon, Hannah P.; Winchell, Caylin G.; Lin, Philana Ling; Bingle, Colin D.; Snapper, Scott B.; Kropski, Jonathan A.; Theis, Fabian J.; Schiller, Herbert B.; Zaragosi, Laure-Emmanuelle; Barbry, Pascal; Leslie, Alasdair; Kiem, Hans-Peter; Flynn, JoAnne L.; Fortune, Sarah M.; Berger, Bonnie; Finberg, Robert W.; Kean, Leslie S.; Garber, Manuel; Schmidt, Aaron G.; Lingwood, Daniel; Shalek, Alex K.; Ordovas-Montanes, Jose",CELL,1001 Basic Medicine; 0710 Biology,Article,181,5,1016-+,2020,1656,https://www.webofscience.com/api/gateway?GWVersion=2&SrcAuth=InCites&SrcApp=tsm_test&DestApp=WOS_CPL&DestLinkType=FullRecord&KeyUT=ISI:000537399500010,324.408719,20.340620040893555,42.41613,5.1,81.4134,39.0418,International - Quadrilateral +,99.9868,41.584
WOS:000562338700004,10.1038/s41591-020-1051-9,n/a,An inflammatory cytokine signature predicts COVID-19 severity and survival,"Del Valle, Diane Marie; Kim-Schulze, Seunghee; Huang, Hsin-Hui; Beckmann, Noam D.; Nirenberg, Sharon; Wang, Bo; Lavin, Yonit; Swartz, Talia H.; Madduri, Deepu; Stock, Aryeh; Marron, Thomas U.; Xie, Hui; Patel, Manishkumar; Tuballes, Kevin; Van Oekelen, Oliver; Rahman, Adeeb; Kovatch, Patricia; Aberg, Judith A.; Schadt, Eric; Jagannath, Sundar; Mazumdar, Madhu; Charney, Alexander W.; Firpo-Betancourt, Adolfo; Mendu, Damodara Rao; Jhang, Jeffrey; Reich, David; Sigel, Keith; Cordon-Cardo, Carlos; Feldmann, Marc; Parekh, Samir; Merad, Miriam; Gnjatic, Sacha",NATURE MEDICINE,1001 Basic Medicine; 0710 Biology,Article,26,10,1636-+,2020,1638,https://www.webofscience.com/api/gateway?GWVersion=2&SrcAuth=InCites&SrcApp=tsm_test&DestApp=WOS_CPL&DestLinkType=FullRecord&KeyUT=ISI:000562338700004,295.557143,20.340620040893555,23.734728,5.54,80.5285,69.0128,International - Bilateral,99.9863,53.44
WOS:000563983200007,n/a,MEDLINE:32810447,The tumor microenvironment,"Anderson, Nicole M.; Simon, M. Celeste",CURRENT BIOLOGY,1001 Basic Medicine; 0710 Biology,Editorial Material,30,16,R921-R925,2020,1621,https://www.webofscience.com/api/gateway?GWVersion=2&SrcAuth=InCites&SrcApp=tsm_test&DestApp=WOS_CPL&DestLinkType=FullRecord&KeyUT=ISI:000563983200007,13.149485,9.377949714660645,6.8829994,123.27,172.8523,235.5078,Domestic - Single,99.9926,10.834
WOS:000533623900015,10.1016/j.cell.2020.04.004,MEDLINE:32333836,Inhibition of SARS-CoV-2 Infections in Engineered Human Tissues Using Clinical-Grade Soluble Human ACE2,"Monteil, Vanessa; Kwon, Hyesoo; Prado, Patricia; Hagelkruys, Astrid; Wimmer, Reiner A.; Stahl, Martin; Leopoldi, Alexandra; Garreta, Elena; del Pozo, Carmen Hurtado; Prosper, Felipe; Romero, Juan Pablo; Wirnsberger, Gerald; Zhang, Haibo; Slutsky, Arthur S.; Conder, Ryan; Montserrat, Nuria; Mirazimi, Ali; Penninger, Josef M.",CELL,1001 Basic Medicine; 0710 Biology,Article,181,4,905-+,2020,1620,https://www.webofscience.com/api/gateway?GWVersion=2&SrcAuth=InCites&SrcApp=tsm_test&DestApp=WOS_CPL&DestLinkType=FullRecord&KeyUT=ISI:000533623900015,324.408719,20.340620040893555,42.41613,4.99,79.6436,38.193,International - Quadrilateral +,99.9858,41.584
WOS:000550771200006,10.1038/s41580-020-0250-z,MEDLINE:32457508,"Mechanisms, regulation and functions of the unfolded protein response","Hetz, Claudio; Zhang, Kezhong; Kaufman, Randal J.",NATURE REVIEWS MOLECULAR CELL BIOLOGY,1001 Basic Medicine; 0710 Biology,Review,21,8,421-438,2020,1614,https://www.webofscience.com/api/gateway?GWVersion=2&SrcAuth=InCites&SrcApp=tsm_test&DestApp=WOS_CPL&DestLinkType=FullRecord&KeyUT=ISI:000550771200006,753.22,47.029273986816406,52.879356,2.14,34.319,30.5223,International - Bilateral,99.9478,94.444
WOS:001215469506059,n/a,n/a,Photorealistic Text-to-Image Diffusion Models with Deep Language Understanding,"Saharia, Chitwan; Chan, William; Saxena, Saurabh; Li, Lala; Whang, Jay; Denton, Emily; Ghasemipour, Seyed Kamyar Seyed; Ayan, Burcu Karagol; Mahdavi, S. Sara; Gontijo-Lopes, Raphael; Salimans, Tim; Ho, Jonathan; Fleet, David J.; Norouzi, Mohammad",ADVANCES IN NEURAL INFORMATION PROCESSING SYSTEMS 35 (NEURIPS 2022),1001 Basic Medicine; 0812 Computer Science and Technology; 0402 Psychology,Proceedings Paper,n/a,n/a,n/a,2022,1593,https://www.webofscience.com/api/gateway?GWVersion=2&SrcAuth=InCites&SrcApp=tsm_test&DestApp=WOS_CPL&DestLinkType=FullRecord&KeyUT=ISI:001215469506059,10.254442,3.473634719848633,3.7281477,155.35,458.5974,427.2899,Domestic - Multiple,99.9926,n/a
WOS:000592521900001,10.1186/s40035-020-00221-2,MEDLINE:33239064,Neuroinflammation in neurodegenerative disorders: the roles of microglia and astrocytes,"Kwon, Hyuk Sung; Koh, Seong-Ho",TRANSLATIONAL NEURODEGENERATION,1001 Basic Medicine,Review,9,1,n/a,2020,1588,https://www.webofscience.com/api/gateway?GWVersion=2&SrcAuth=InCites&SrcApp=tsm_test&DestApp=WOS_CPL&DestLinkType=FullRecord&KeyUT=ISI:000592521900001,138.863636,47.029273986816406,42.237686,11.44,33.7662,37.5968,Domestic - Single,99.9448,8.014
WOS:000581001200006,10.1093/cid/ciaa237,MEDLINE:32150618,In Vitro Antiviral Activity and Projection of Optimized Dosing Design of Hydroxychloroquine for the Treatment of Severe Acute Respiratory Syndrome Coronavirus 2 (SARS-CoV-2),"Yao, Xueting; Ye, Fei; Zhang, Miao; Cui, Cheng; Huang, Baoying; Niu, Peihua; Liu, Xu; Zhao, Li; Dong, Erdan; Song, Chunli; Zhan, Siyan; Lu, Roujian; Li, Haiyan; Tan, Wenjie; Liu, Dongyang",CLINICAL INFECTIOUS DISEASES,1001 Basic Medicine; 1004 Public Health and Preventive Medicine; 0710 Biology,Article,71,15,732-739,2020,1586,https://www.webofscience.com/api/gateway?GWVersion=2&SrcAuth=InCites&SrcApp=tsm_test&DestApp=WOS_CPL&DestLinkType=FullRecord&KeyUT=ISI:000581001200006,62.450687,20.340620040893555,19.044899,25.4,77.9721,83.2769,Domestic - Multiple,99.9853,9.079
WOS:000518095900001,10.1038/s41577-020-0285-6,MEDLINE:32132681,Defining trained immunity and its role in health and disease,"Netea, Mihai G.; Dominguez-Andres, Jorge; Barreiro, Luis B.; Chavakis, Triantafyllos; Divangahi, Maziar; Fuchs, Elaine; Joosten, Leo A. B.; van der Meer, Jos W. M.; Mhlanga, Musa M.; Mulder, Willem J. M.; Riksen, Niels P.; Schlitzer, Andreas; Schultze, Joachim L.; Stabell Benn, Christine; Sun, Joseph C.; Xavier, Ramnik J.; Latz, Eicke",NATURE REVIEWS IMMUNOLOGY,1001 Basic Medicine,Review,20,6,375-388,2020,1582,https://www.webofscience.com/api/gateway?GWVersion=2&SrcAuth=InCites&SrcApp=tsm_test&DestApp=WOS_CPL&DestLinkType=FullRecord&KeyUT=ISI:000518095900001,475.745455,47.029273986816406,67.5422,3.33,33.6386,23.4224,International - Quadrilateral +,99.9417,53.106
WOS:000540770200001,10.1016/j.trsl.2020.04.007,MEDLINE:32299776,Complement associated microvascular injury and thrombosis in the pathogenesis of severe COVID-19 infection: A report of five cases,"Magro, Cynthia; Mulvey, J. Justin; Berlin, David; Nuovo, Gerard; Salvatore, Steven; Harp, Joanna; Baxter-Stoltzfus, Amelia; Laurence, Jeffrey",TRANSLATIONAL RESEARCH,1001 Basic Medicine; 1010 Medical Technology,Article,220,n/a,1-13,2020,1578,https://www.webofscience.com/api/gateway?GWVersion=2&SrcAuth=InCites&SrcApp=tsm_test&DestApp=WOS_CPL&DestLinkType=FullRecord&KeyUT=ISI:000540770200001,61.153846,20.340620040893555,19.044899,25.8,77.5788,82.8568,Domestic - Multiple,99.9848,7.012
WOS:000674336700002,10.1038/s41392-021-00658-5,MEDLINE:34248142,Inflammation and tumor progression: signaling pathways and targeted intervention,"Zhao, Huakan; Wu, Lei; Yan, Guifang; Chen, Yu; Zhou, Mingyue; Wu, Yongzhong; Li, Yongsheng",SIGNAL TRANSDUCTION AND TARGETED THERAPY,1001 Basic Medicine; 0710 Biology,Review,6,1,n/a,2021,1576,https://www.webofscience.com/api/gateway?GWVersion=2&SrcAuth=InCites&SrcApp=tsm_test&DestApp=WOS_CPL&DestLinkType=FullRecord&KeyUT=ISI:000674336700002,341.269231,32.43564987182617,29.903612,4.62,48.5885,52.7027,Domestic - Single,99.9863,38.12
WOS:000627193300001,10.1038/s41591-021-01292-y,MEDLINE:33692530,Attributes and predictors of long COVID,"Sudre, Carole H.; Murray, Benjamin; Varsavsky, Thomas; Graham, Mark S.; Penfold, Rose S.; Bowyer, Ruth C.; Pujol, Joan Capdevila; Klaser, Kerstin; Antonelli, Michela; Canas, Liane S.; Molteni, Erika; Modat, Marc; Cardoso, M. Jorge; May, Anna; Ganesh, Sajaysurya; Davies, Richard; Nguyen, Long H.; Drew, David A.; Astley, Christina M.; Joshi, Amit D.; Merino, Jordi; Tsereteli, Neli; Fall, Tove; Gomez, Maria F.; Duncan, Emma L.; Menni, Cristina; Williams, Frances M. K.; Franks, Paul W.; Chan, Andrew T.; Wolf, Jonathan; Ourselin, Sebastien; Spector, Tim; Steves, Claire J.",NATURE MEDICINE,1001 Basic Medicine; 0710 Biology,Article,27,4,n/a,2021,1572,https://www.webofscience.com/api/gateway?GWVersion=2&SrcAuth=InCites&SrcApp=tsm_test&DestApp=WOS_CPL&DestLinkType=FullRecord&KeyUT=ISI:000627193300001,207.497537,14.812976837158203,28.15485,7.58,106.1232,55.8341,International - Quadrilateral +,99.9965,87.244
WOS:000519439200001,10.1038/s41392-020-0134-x,n/a,Molecular principles of metastasis: a hallmark of cancer revisited,"Fares, Jawad; Fares, Mohamad Y.; Khachfe, Hussein H.; Salhab, Hamza A.; Fares, Youssef",SIGNAL TRANSDUCTION AND TARGETED THERAPY,1001 Basic Medicine; 0710 Biology,Review,5,1,n/a,2020,1563,https://www.webofscience.com/api/gateway?GWVersion=2&SrcAuth=InCites&SrcApp=tsm_test&DestApp=WOS_CPL&DestLinkType=FullRecord&KeyUT=ISI:000519439200001,369.677966,47.029273986816406,52.879356,4.23,33.2346,29.5578,International - Bilateral,99.9386,18.187
WOS:000532726700007,10.1007/s11684-020-0754-0,MEDLINE:32170560,Single-cell RNA-seq data analysis on the receptor ACE2 expression reveals the potential risk of different human organs vulnerable to 2019-nCoV infection,Zou Xin; Chen Ke; Zou Jiawei; Han Peiyi; Hao Jie; Han Zeguang,FRONTIERS OF MEDICINE,1001 Basic Medicine; 1002 Clinical Medicine,Article,14,2,185-192,2020,1555,https://www.webofscience.com/api/gateway?GWVersion=2&SrcAuth=InCites&SrcApp=tsm_test&DestApp=WOS_CPL&DestLinkType=FullRecord&KeyUT=ISI:000532726700007,18.595,20.340620040893555,15.702932,83.62,76.448,99.0261,Domestic - Single,99.9843,4.592
WOS:000574061100001,10.1007/s13238-020-00789-5,MEDLINE:33000412,"Cystine transporter SLC7A11/xCT in cancer: ferroptosis, nutrient dependency, and cancer therapy","Koppula, Pranavi; Zhuang, Li; Gan, Boyi",PROTEIN & CELL,1001 Basic Medicine; 0710 Biology,Review,12,8,599-620,2020,1548,https://www.webofscience.com/api/gateway?GWVersion=2&SrcAuth=InCites&SrcApp=tsm_test&DestApp=WOS_CPL&DestLinkType=FullRecord&KeyUT=ISI:000574061100001,162.741935,47.029273986816406,45.236877,9.51,32.9157,34.2199,Domestic - Multiple,99.9356,14.87
WOS:000523115000001,10.1038/s41591-020-0843-2,MEDLINE:32371934,Respiratory virus shedding in exhaled breath and efficacy of face masks,"Leung, Nancy H. L.; Chu, Daniel K. W.; Shiu, Eunice Y. C.; Chan, Kwok-Hung; McDevitt, James J.; Hau, Benien J. P.; Yen, Hui-Ling; Li, Yuguo; Ip, Dennis K. M.; Peiris, J. S. Malik; Seto, Wing-Hong; Leung, Gabriel M.; Milton, Donald K.; Cowling, Benjamin J.",NATURE MEDICINE,1001 Basic Medicine; 0710 Biology,Article,26,5,676-680,2020,1537,https://www.webofscience.com/api/gateway?GWVersion=2&SrcAuth=InCites&SrcApp=tsm_test&DestApp=WOS_CPL&DestLinkType=FullRecord&KeyUT=ISI:000523115000001,295.557143,20.340620040893555,23.734728,5.2,75.5631,64.7574,International - Bilateral,99.9838,53.44
WOS:000541202800001,10.1038/s41591-020-0965-6,MEDLINE:32555424,Clinical and immunological assessment of asymptomatic SARS-CoV-2 infections,"Long, Quan-Xin; Tang, Xiao-Jun; Shi, Qiu-Lin; Li, Qin; Deng, Hai-jun; Yuan, Jun; Hu, Jie-Li; Xu, Wei; Zhang, Yong; Lv, Fa-Jin; Su, Kun; Zhang, Fan; Gong, Jiang; Wu, Bo; Liu, Xia-Mao; Li, Jin-Jing; Qiu, Jing-Fu; Chen, Juan; Huang, Ai-Long",NATURE MEDICINE,1001 Basic Medicine; 0710 Biology,Article,26,8,1200-+,2020,1536,https://www.webofscience.com/api/gateway?GWVersion=2&SrcAuth=InCites&SrcApp=tsm_test&DestApp=WOS_CPL&DestLinkType=FullRecord&KeyUT=ISI:000541202800001,295.557143,20.340620040893555,19.044899,5.2,75.5139,80.6515,Domestic - Multiple,99.9833,53.44
WOS:000513382500001,10.1038/s12276-020-0384-2,MEDLINE:32060354,ROS in cancer therapy: the bright side of the moon,"Perillo, Bruno; Di Donato, Marzia; Pezone, Antonio; Di Zazzo, Erika; Giovannelli, Pia; Galasso, Giovanni; Castoria, Gabriella; Migliaccio, Antimo",EXPERIMENTAL AND MOLECULAR MEDICINE,1001 Basic Medicine; 0710 Biology,Review,52,2,192-203,2020,1534,https://www.webofscience.com/api/gateway?GWVersion=2&SrcAuth=InCites&SrcApp=tsm_test&DestApp=WOS_CPL&DestLinkType=FullRecord&KeyUT=ISI:000513382500001,129.068966,47.029273986816406,45.236877,11.89,32.618,33.9104,Domestic - Multiple,99.9325,8.718
WOS:000595761200003,="10.1177/1352458520970841",MEDLINE:33174475,"Rising prevalence of multiple sclerosis worldwide: Insights from the Atlas of MS, third edition","Walton, Clare; King, Rachel; Rechtman, Lindsay; Kaye, Wendy; Leray, Emmanuelle; Marrie, Ruth Ann; Robertson, Neil; La Rocca, Nicholas; Uitdehaag, Bernard; van der Mei, Ingrid; Wallin, Mitchell; Helme, Anne; Napier, Ceri Angood; Rijke, Nick; Baneke, Peer",MULTIPLE SCLEROSIS JOURNAL,1001 Basic Medicine; 1002 Clinical Medicine,Article,26,14,1816-1821,2020,1529,https://www.webofscience.com/api/gateway?GWVersion=2&SrcAuth=InCites&SrcApp=tsm_test&DestApp=WOS_CPL&DestLinkType=FullRecord&KeyUT=ISI:000595761200003,27.242308,20.340620040893555,42.41613,56.13,75.1698,36.0476,International - Quadrilateral +,99.9828,6.312
WOS:000634142700001,10.1038/s41392-021-00507-5,MEDLINE:33776057,Pyroptosis: mechanisms and diseases,"Yu, Pian; Zhang, Xu; Liu, Nian; Tang, Ling; Peng, Cong; Chen, Xiang",SIGNAL TRANSDUCTION AND TARGETED THERAPY,1001 Basic Medicine; 0710 Biology,Review,6,1,n/a,2021,1525,https://www.webofscience.com/api/gateway?GWVersion=2&SrcAuth=InCites&SrcApp=tsm_test&DestApp=WOS_CPL&DestLinkType=FullRecord&KeyUT=ISI:000634142700001,341.269231,32.43564987182617,29.903612,4.47,47.0162,50.9972,Domestic - Single,99.9835,38.12
WOS:000519891100017,10.1016/j.chom.2020.02.001,MEDLINE:32035028,Genome Composition and Divergence of the Novel Coronavirus (2019-nCoV) Originating in China,"Wu, Aiping; Peng, Yousong; Huang, Baoying; Ding, Xiao; Wang, Xianyue; Niu, Peihua; Meng, Jing; Zhu, Zhaozhong; Zhang, Zheng; Wang, Jiangyuan; Sheng, Jie; Quan, Lijun; Xia, Zanxian; Tan, Wenjie; Cheng, Genhong; Jiang, Taijiao",CELL HOST & MICROBE,1001 Basic Medicine; 0710 Biology,Editorial Material,27,3,325-328,2020,1502,https://www.webofscience.com/api/gateway?GWVersion=2&SrcAuth=InCites&SrcApp=tsm_test&DestApp=WOS_CPL&DestLinkType=FullRecord&KeyUT=ISI:000519891100017,24.848101,9.377949714660645,13.4883585,60.45,160.1629,111.3553,International - Bilateral,99.9853,21.023
WOS:000540760600018,10.1016/j.chom.2020.04.009,MEDLINE:32320677,Complex Immune Dysregulation in COVID-19 Patients with Severe Respiratory Failure,"Giamarellos-Bourboulis, Evangelos J.; Netea, Mihai G.; Rovina, Nikoletta; Akinosoglou, Karolina; Antoniadou, Anastasia; Antonakos, Nikolaos; Damoraki, Georgia; Gkavogianni, Theologia; Adami, Maria-Evangelia; Katsaounou, Paraskevi; Ntaganou, Maria; Kyriakopoulou, Magdalini; Dimopoulos, George; Koutsodimitropoulos, Ioannis; Velissaris, Dimitrios; Koufargyris, Panagiotis; Karageorgos, Athanassios; Katrini, Konstantina; Lekakis, Vasileios; Lupse, Mihaela; Kotsaki, Antigone; Renieris, George; Theodoulou, Danai; Panou, Vassiliki; Koukaki, Evangelia; Koulouris, Nikolaos; Gogos, Charalambos; Koutsoukou, Antonia",CELL HOST & MICROBE,1001 Basic Medicine; 0710 Biology,Article,27,6,992-+,2020,1497,https://www.webofscience.com/api/gateway?GWVersion=2&SrcAuth=InCites&SrcApp=tsm_test&DestApp=WOS_CPL&DestLinkType=FullRecord&KeyUT=ISI:000540760600018,128.211382,20.340620040893555,42.41613,11.68,73.5966,35.2932,International - Quadrilateral +,99.9823,21.023
WOS:000519726400049,10.3892/etm.2020.8454,MEDLINE:32104259,ERK/MAPK signalling pathway and tumorigenesis,"Guo, Yan-Jun; Pan, Wei-Wei; Liu, Sheng-Bing; Shen, Zhong-Fei; Xu, Ying; Hu, Ling-Ling",EXPERIMENTAL AND THERAPEUTIC MEDICINE,1001 Basic Medicine,Review,19,3,1997-2007,2020,1495,https://www.webofscience.com/api/gateway?GWVersion=2&SrcAuth=InCites&SrcApp=tsm_test&DestApp=WOS_CPL&DestLinkType=FullRecord&KeyUT=ISI:000519726400049,31.350365,47.029273986816406,42.237686,47.69,31.7887,35.3949,Domestic - Single,99.9294,2.447
WOS:000747668200023,10.1123/ijspp.2021-0451,MEDLINE:34965513,Defining Training and Performance Caliber: A Participant Classification Framework,"Mckay, Alannah K. A.; Stellingwerff, Trent; Smith, Ella S.; Martin, David T.; Mujika, Inigo; Goosey-Tolfrey, Vicky L.; Sheppard, Jeremy; Burke, Louise M.",INTERNATIONAL JOURNAL OF SPORTS PHYSIOLOGY AND PERFORMANCE,1001 Basic Medicine; 0710 Biology; 0403 Physical Education and Sport Science,Article,17,2,317-331,2022,1494,https://www.webofscience.com/api/gateway?GWVersion=2&SrcAuth=InCites&SrcApp=tsm_test&DestApp=WOS_CPL&DestLinkType=FullRecord&KeyUT=ISI:000747668200023,14.578199,10.010454177856445,20.467962,102.48,149.244,72.9921,International - Quadrilateral +,99.9995,3.3
WOS:000785945500002,10.1038/s41392-022-00974-4,MEDLINE:35461318,Microbiota in health and diseases,"Hou, Kaijian; Wu, Zhuo-Xun; Chen, Xuan-Yu; Wang, Jing-Quan; Zhang, Dongya; Xiao, Chuanxing; Zhu, Dan; Koya, Jagadish B.; Wei, Liuya; Li, Jilin; Chen, Zhe-Sheng",SIGNAL TRANSDUCTION AND TARGETED THERAPY,0710 Biology; 1001 Basic Medicine,Review,7,1,n/a,2022,1491,https://www.webofscience.com/api/gateway?GWVersion=2&SrcAuth=InCites&SrcApp=tsm_test&DestApp=WOS_CPL&DestLinkType=FullRecord&KeyUT=ISI:000785945500002,277.662651,22.716196060180664,26.045868,5.37,65.636,57.2452,International - Bilateral,99.9909,39.3
WOS:000533623900016,10.1016/j.cell.2020.04.011,MEDLINE:32330414,The Architecture of SARS-CoV-2 Transcriptome,"Kim, Dongwan; Lee, Joo-Yeon; Yang, Jeong-Sun; Kim, Jun Won; Kim, V. Narry; Chang, Hyeshik",CELL,1001 Basic Medicine; 0710 Biology,Article,181,4,914-+,2020,1485,https://www.webofscience.com/api/gateway?GWVersion=2&SrcAuth=InCites&SrcApp=tsm_test&DestApp=WOS_CPL&DestLinkType=FullRecord&KeyUT=ISI:000533623900016,324.408719,20.340620040893555,19.044899,4.58,73.0066,77.9736,Domestic - Multiple,99.9818,41.584
WOS:000579170500020,10.1016/j.jaci.2020.04.006,MEDLINE:32294485,Risk factors for severity and mortality in adult COVID-19 inpatients in Wuhan,"Li, Xiaochen; Xu, Shuyun; Yu, Muqing; Wang, Ke; Tao, Yu; Zhou, Ying; Shi, Jing; Zhou, Min; Wu, Bo; Yang, Zhenyu; Zhang, Cong; Yue, Junqing; Zhang, Zhiguo; Renz, Harald; Liu, Xiansheng; Xie, Jungang; Xie, Min; Zhao, Jianping",JOURNAL OF ALLERGY AND CLINICAL IMMUNOLOGY,1001 Basic Medicine; 1002 Clinical Medicine,Article,146,1,110-118,2020,1471,https://www.webofscience.com/api/gateway?GWVersion=2&SrcAuth=InCites&SrcApp=tsm_test&DestApp=WOS_CPL&DestLinkType=FullRecord&KeyUT=ISI:000579170500020,69.928839,20.340620040893555,23.734728,21.04,72.3183,61.9767,International - Bilateral,99.9813,10.793
WOS:001157744000001,10.1002/jev2.12404,MEDLINE:38326288,Minimal information for studies of extracellular vesicles (MISEV2023): From basic to advanced approaches,"Welsh, Joshua A.; Goberdhan, Deborah C. I.; O'Driscoll, Lorraine; Buzas, Edit I.; Blenkiron, Cherie; Bussolati, Benedetta; Cai, Houjian; Di Vizio, Dolores; Driedonks, Tom A. P.; Erdbrugger, Uta; Falcon-Perez, Juan M.; Fu, Qing-Ling; Hill, Andrew F.; Lenassi, Metka; Lim, Sai Kiang; Mahoney, My G.; Mohanty, Sujata; Moller, Andreas; Nieuwland, Rienk; Ochiya, Takahiro; Sahoo, Susmita; Torrecilhas, Ana C.; Zheng, Lei; Zijlstra, Andries; Abuelreich, Sarah; Bagabas, Reem; Bergese, Paolo; Bridges, Esther M.; Brucale, Marco; Burger, Dylan; Carney, Randy P.; Cocucci, Emanuele; Colombo, Federico; Crescitelli, Rossella; Hanser, Edveena; Harris, Adrian L.; Haughey, Norman J.; Hendrix, An; Ivanov, Alexander R.; Jovanovic-Talisman, Tijana; Kruh-Garcia, Nicole A.; Faustino, Vroniqa Ku'ulei-Lyn; Kyburz, Diego; Lasser, Cecilia; Lennon, Kathleen M.; Lotvall, Jan; Maddox, Adam L.; Martens-Uzunova, Elena S.; Mizenko, Rachel R.; Newman, Lauren A.; Ridolfi, Andrea; Rohde, Eva; Rojalin, Tatu; Rowland, Andrew; Saftics, Andras; Sandau, Ursula S.; Saugstad, Julie A.; Shekari, Faezeh; Swift, Simon; Ter-Ovanesyan, Dmitry; Tosar, Juan P.; Useckaite, Zivile; Valle, Francesco; Varga, Zoltan; van der Pol, Edwin; van Herwijnen, Martijn J. C.; Wauben, Marca H. M.; Wehman, Ann M.; Williams, Sarah; Zendrini, Andrea; Zimmerman, Alan J.; Thery, Clotilde; Witwer, Kenneth W.",JOURNAL OF EXTRACELLULAR VESICLES,0710 Biology; 1001 Basic Medicine,Article,13,2,n/a,2024,1471,https://www.webofscience.com/api/gateway?GWVersion=2&SrcAuth=InCites&SrcApp=tsm_test&DestApp=WOS_CPL&DestLinkType=FullRecord&KeyUT=ISI:001157744000001,18.868217,2.4419617652893066,4.8072214,77.96,602.3845,305.998,International - Quadrilateral +,99.9994,14.5
WOS:000559369800001,10.1038/s41586-020-2588-y,MEDLINE:32717743,Longitudinal analyses reveal immunological misfiring in severe COVID-19,"Lucas, Carolina; Wong, Patrick; Klein, Jon; Castro, Tiago B. R.; Silva, Julio; Sundaram, Maria; Ellingson, Mallory K.; Mao, Tianyang; Oh, Ji Eun; Israelow, Benjamin; Takahashi, Takehiro; Tokuyama, Maria; Lu, Peiwen; Venkataraman, Arvind; Park, Annsea; Mohanty, Subhasis; Wang, Haowei; Wyllie, Anne L.; Vogels, Chantal B. F.; Earnest, Rebecca; Lapidus, Sarah; Ott, Isabel M.; Moore, Adam J.; Muenker, M. Catherine; Fournier, John B.; Campbell, Melissa; Odio, Camila D.; Casanovas-Massana, Arnau; Herbst, Roy; Shaw, Albert C.; Medzhitov, Ruslan; Schulz, Wade L.; Grubaugh, Nathan D.; Dela Cruz, Charles; Farhadian, Shelli; Ko, Albert, I; Omer, Saad B.; Iwasaki, Akiko",NATURE,1001 Basic Medicine,Article,584,7821,463-+,2020,1470,https://www.webofscience.com/api/gateway?GWVersion=2&SrcAuth=InCites&SrcApp=tsm_test&DestApp=WOS_CPL&DestLinkType=FullRecord&KeyUT=ISI:000559369800001,277.07567,20.340620040893555,19.044899,5.31,72.2692,77.186,Domestic - Multiple,99.9808,49.962
WOS:000614644600010,10.1146/annurev-pathol-042020-042741,MEDLINE:33197221,Immune Checkpoint Inhibitors for the Treatment of Cancer: Clinical Impact and Mechanisms of Response and Resistance,"Bagchi, Sreya; Yuan, Robert; Engleman, Edgar G.","ANNUAL REVIEW OF PATHOLOGY: MECHANISMS OF DISEASE, VOL 16, 2021",1001 Basic Medicine,Review,16,n/a,223-249,2021,1469,https://www.webofscience.com/api/gateway?GWVersion=2&SrcAuth=InCites&SrcApp=tsm_test&DestApp=WOS_CPL&DestLinkType=FullRecord&KeyUT=ISI:000614644600010,126.55,32.43564987182617,29.903612,11.61,45.2897,49.1245,Domestic - Single,99.9808,n/a
WOS:000722612700001,10.1038/s41392-021-00791-1,MEDLINE:34824210,The JAK/STAT signaling pathway: from bench to clinic,"Hu, Xiaoyi; Li, Jing; Fu, Maorong; Zhao, Xia; Wang, Wei",SIGNAL TRANSDUCTION AND TARGETED THERAPY,1001 Basic Medicine; 0710 Biology,Review,6,1,n/a,2021,1464,https://www.webofscience.com/api/gateway?GWVersion=2&SrcAuth=InCites&SrcApp=tsm_test&DestApp=WOS_CPL&DestLinkType=FullRecord&KeyUT=ISI:000722612700001,341.269231,32.43564987182617,31.087643,4.29,45.1355,47.0927,Domestic - Multiple,99.978,38.12

Filter Summary:
数据集: InCites Dataset + ESCI
学科分类体系:  China SCADC Subject 97 Narrow
合作者 ID 类型分组:  WoS Researcher Profile
国内/国际合作论文:  All
"分析时间段:  [2020, 2024]"
包括在线发表论文:  true
合作者 ID 类型:  All
基金数据来源:  All Sources

"导出日期  2025年9月16日. "
"InCites 数据集更新日期  2025-08-29. 包含 Web of Science 标引内容截止 2025-07-31. "

