入藏号,DOI,Pubmed ID,论文标题,作者,来源,研究方向,文献类型,卷,期,页,出版年,被引频次,链接,期刊预期被引频次,类别预期被引频次,合作学科预期被引频次,期刊规范化的引文影响力,学科规范化的引文影响力,按主题、年份、文献类型和合作类型调整后的规范化引文影响力。,合作类型,学科领域百分位,期刊影响因子
WOS:000527143700004,="10.1177/1470412920906259",n/a,Feeling good about feeling bad: virtuous virtual reality and the automation of racial empathy,"Nakamura, Lisa",JOURNAL OF VISUAL CULTURE,1304 Fine Art; 1301 Art Theory; 0303 Sociology; 1305 Design,Article,19,1,47-64,2020,112,https://www.webofscience.com/api/gateway?GWVersion=2&SrcAuth=InCites&SrcApp=tsm_test&DestApp=WOS_CPL&DestLinkType=FullRecord&KeyUT=ISI:000527143700004,11.52,1.2079378366470337,1.4965278,9.72,92.72,74.8399,Domestic - Single,99.9137,0.4
WOS:000509322300001,10.1111/1467-8365.12490,n/a,Decolonizing Art History,"Grant, Catherine; Price, Dorothy; Bailey, David A.; Barringer, Tim; Basu, Priyanka; Beckwith, Naomi; Bindman, David; Burke, Jill; Corey, Pamela N.; D'Emilio, James; Elkins, James; Elsner, Jas; Hylton, Richard; Jain, Kajri; Jumabhoy, Zehra; Kassim, Sumaya; Layiwola, Dele; Lok, Susan Pui San; Lugli, Emanuele; Meskimmon, Marsha; Mukherji, Parul Dave; Nelson, Jennifer; Onians, John; Pinder, Kymberly; Pollock, Griselda; Shabout, Nada; Yong, Simon Soon Sien; Tang, Jeannine; Turker, Deniz; Vellodi, Kamini; Ventrella, Francesco; Watanabe, Toshio",ART HISTORY,1301 Art Theory; 1304 Fine Art,Editorial Material,43,1,8-66,2020,57,https://www.webofscience.com/api/gateway?GWVersion=2&SrcAuth=InCites&SrcApp=tsm_test&DestApp=WOS_CPL&DestLinkType=FullRecord&KeyUT=ISI:000509322300001,28.5,0.28523489832878113,19.333334,2.0,199.8353,2.9483,International - Quadrilateral +,99.8322,n/a
WOS:000527143700002,="10.1177/1470412920906253",n/a,Virtual/reality: how to tell the difference,"Murray, Janet H.",JOURNAL OF VISUAL CULTURE,1304 Fine Art; 1301 Art Theory; 0303 Sociology; 1305 Design,Article,19,1,11-27,2020,52,https://www.webofscience.com/api/gateway?GWVersion=2&SrcAuth=InCites&SrcApp=tsm_test&DestApp=WOS_CPL&DestLinkType=FullRecord&KeyUT=ISI:000527143700002,11.52,1.2079378366470337,1.4965278,4.51,43.0486,34.7471,Domestic - Single,99.8274,0.4
WOS:000688204100007,10.1162/leon_a_02003,n/a,Crypto Art A Decentralized View,"Franceschet, Massimo; Colavizza, Giovanni; Smith, T'ai; Finucane, Blake; Ostachowski, Martin Lukas; Scalet, Sergio; Perkins, Jonathan; Morgan, James; Hernandez, Sebastian",LEONARDO,1304 Fine Art; 1301 Art Theory,Article,54,4,402-405,2021,44,https://www.webofscience.com/api/gateway?GWVersion=2&SrcAuth=InCites&SrcApp=tsm_test&DestApp=WOS_CPL&DestLinkType=FullRecord&KeyUT=ISI:000688204100007,2.107143,0.9200627207756042,11.2,20.88,47.8228,3.9286,International - Quadrilateral +,99.9216,n/a
WOS:000893390300001,10.1093/jaac/kpac068,n/a,Aesthetic Values in Everyday Life: Collaborating with the World through Action,"Saito, Yuriko",JOURNAL OF AESTHETICS AND ART CRITICISM,0101 Philosophy; 1301 Art Theory; 1304 Fine Art,Editorial Material,81,1,96-97,2022,37,https://www.webofscience.com/api/gateway?GWVersion=2&SrcAuth=InCites&SrcApp=tsm_test&DestApp=WOS_CPL&DestLinkType=FullRecord&KeyUT=ISI:000893390300001,4.444444,0.16329966485500336,0.51376146,8.33,226.5773,72.0179,Domestic - Single,99.8317,0.8
WOS:000557077200011,10.1162/LEON_a_01930,n/a,Visual Indeterminacy in GAN Art,"Hertzmann, Aaron",LEONARDO,1304 Fine Art; 1301 Art Theory,Article,53,4,424-428,2020,30,https://www.webofscience.com/api/gateway?GWVersion=2&SrcAuth=InCites&SrcApp=tsm_test&DestApp=WOS_CPL&DestLinkType=FullRecord&KeyUT=ISI:000557077200011,2.112676,1.2079378366470337,1.4965278,14.2,24.8357,20.0464,Domestic - Single,99.7412,n/a
WOS:000744461900003,10.1093/jaac/kpab060,n/a,Toward a Communitarian Theory of Aesthetic Value,"Riggle, Nick",JOURNAL OF AESTHETICS AND ART CRITICISM,1304 Fine Art; 0101 Philosophy; 1301 Art Theory,Article,80,1,16-30,2021,30,https://www.webofscience.com/api/gateway?GWVersion=2&SrcAuth=InCites&SrcApp=tsm_test&DestApp=WOS_CPL&DestLinkType=FullRecord&KeyUT=ISI:000744461900003,4.533333,0.9200627207756042,1.1733103,6.62,32.6065,25.5687,Domestic - Single,99.8433,n/a
WOS:000527143700006,="10.1177/1470412920906264",n/a,The aesthetics of reality media,"Engberg, Maria; Bolter, Jay David",JOURNAL OF VISUAL CULTURE,1304 Fine Art; 1301 Art Theory; 0303 Sociology; 1305 Design,Article,19,1,81-95,2020,24,https://www.webofscience.com/api/gateway?GWVersion=2&SrcAuth=InCites&SrcApp=tsm_test&DestApp=WOS_CPL&DestLinkType=FullRecord&KeyUT=ISI:000527143700006,11.52,1.2079378366470337,1.9253731,2.08,19.8686,12.4651,International - Bilateral,99.6549,0.4
WOS:000750848200002,10.1093/jaac/kpab023,n/a,Why the Sublime Is Aesthetic Awe,"Clewis, Robert R.",JOURNAL OF AESTHETICS AND ART CRITICISM,1304 Fine Art; 0101 Philosophy; 1301 Art Theory,Article,79,3,301-314,2021,23,https://www.webofscience.com/api/gateway?GWVersion=2&SrcAuth=InCites&SrcApp=tsm_test&DestApp=WOS_CPL&DestLinkType=FullRecord&KeyUT=ISI:000750848200002,4.533333,0.9200627207756042,1.1733103,5.07,24.9983,19.6027,Domestic - Single,99.7649,n/a
WOS:000663432000007,10.1162/leon_a_01793,n/a,"Guerilla Science Mixing Science with Art, Music and Play in Unusual Settings","Rosin, Mark; Wong, Jen; O'Connell, Kari; Storksdieck, Martin; Keys, Brianna",LEONARDO,1304 Fine Art; 1301 Art Theory,Article,54,2,191-195,2021,18,https://www.webofscience.com/api/gateway?GWVersion=2&SrcAuth=InCites&SrcApp=tsm_test&DestApp=WOS_CPL&DestLinkType=FullRecord&KeyUT=ISI:000663432000007,2.107143,0.9200627207756042,1.6,8.54,19.5639,11.25,International - Bilateral,99.6865,n/a
WOS:000608019300001,10.1093/aesthj/ayaa006,n/a,Schiller on Freedom and Aesthetic Value: Part I,"Matherne, Samantha; Riggle, Nick",BRITISH JOURNAL OF AESTHETICS,1304 Fine Art; 0101 Philosophy; 1301 Art Theory,Article,60,4,375-402,2020,16,https://www.webofscience.com/api/gateway?GWVersion=2&SrcAuth=InCites&SrcApp=tsm_test&DestApp=WOS_CPL&DestLinkType=FullRecord&KeyUT=ISI:000608019300001,4.88,1.2079378366470337,1.475,3.28,13.2457,10.8475,Domestic - Multiple,99.396,n/a
WOS:000562355200007,10.1093/aesthj/ayz048,n/a,One Imagination in Experiences of Beauty and Achievements of Understanding,"Breitenbach, Angela",BRITISH JOURNAL OF AESTHETICS,1304 Fine Art; 0101 Philosophy; 1301 Art Theory,Article,60,1,71-88,2020,16,https://www.webofscience.com/api/gateway?GWVersion=2&SrcAuth=InCites&SrcApp=tsm_test&DestApp=WOS_CPL&DestLinkType=FullRecord&KeyUT=ISI:000562355200007,4.88,1.2079378366470337,1.4965278,3.28,13.2457,10.6914,Domestic - Single,99.396,n/a
WOS:000533650000003,10.1111/jaac.12712,n/a,Kant's Musical Antiformalism,"Young, James O.",JOURNAL OF AESTHETICS AND ART CRITICISM,1304 Fine Art; 0101 Philosophy; 1301 Art Theory,Article,78,2,171-181,2020,16,https://www.webofscience.com/api/gateway?GWVersion=2&SrcAuth=InCites&SrcApp=tsm_test&DestApp=WOS_CPL&DestLinkType=FullRecord&KeyUT=ISI:000533650000003,4.892857,1.2079378366470337,1.4965278,3.27,13.2457,10.6914,Domestic - Single,99.396,n/a
WOS:000777062600004,10.1162/leon_a_02092,n/a,Who (or What) Is an AI Artist?,"Browne, Kieran",LEONARDO,1304 Fine Art; 1301 Art Theory,Article,55,2,130-134,2022,15,https://www.webofscience.com/api/gateway?GWVersion=2&SrcAuth=InCites&SrcApp=tsm_test&DestApp=WOS_CPL&DestLinkType=FullRecord&KeyUT=ISI:000777062600004,0.837209,0.4984939694404602,0.6384892,17.92,30.0906,23.493,Domestic - Single,99.9247,0.3
WOS:000809642400003,10.1093/aesthj/ayab037,n/a,Learning to Imagine,"Kind, Amy",BRITISH JOURNAL OF AESTHETICS,1304 Fine Art; 0101 Philosophy; 1301 Art Theory,Article,62,1,33-48,2022,14,https://www.webofscience.com/api/gateway?GWVersion=2&SrcAuth=InCites&SrcApp=tsm_test&DestApp=WOS_CPL&DestLinkType=FullRecord&KeyUT=ISI:000809642400003,2.486486,0.4984939694404602,0.8739496,5.63,28.0846,16.0192,Domestic - Multiple,99.8494,0.8
WOS:000527143700007,="10.1177/1470412920906255",n/a,Developing the 'best practices' of virtual reality design: industry standards at the frontier of emerging media,"LaRocco, Michael",JOURNAL OF VISUAL CULTURE,1304 Fine Art; 1301 Art Theory; 0303 Sociology; 1305 Design,Article,19,1,96-111,2020,14,https://www.webofscience.com/api/gateway?GWVersion=2&SrcAuth=InCites&SrcApp=tsm_test&DestApp=WOS_CPL&DestLinkType=FullRecord&KeyUT=ISI:000527143700007,11.52,1.2079378366470337,1.4965278,1.22,11.59,9.355,Domestic - Single,99.2235,0.4
WOS:000743560900010,10.1093/aesthj/ayab018,n/a,Art as Political Discourse,"Simoniti, Vid",BRITISH JOURNAL OF AESTHETICS,1304 Fine Art; 0101 Philosophy; 1301 Art Theory,Article,61,4,559-574,2021,14,https://www.webofscience.com/api/gateway?GWVersion=2&SrcAuth=InCites&SrcApp=tsm_test&DestApp=WOS_CPL&DestLinkType=FullRecord&KeyUT=ISI:000743560900010,4.030303,0.9200627207756042,1.1733103,3.47,15.2164,11.9321,Domestic - Single,99.5298,n/a
WOS:000510870600001,10.1111/jaac.12686,n/a,Aesthetics and the Containment of Grief,"Higgins, Kathleen Marie",JOURNAL OF AESTHETICS AND ART CRITICISM,1304 Fine Art; 0101 Philosophy; 1301 Art Theory,Article,78,1,9-20,2020,14,https://www.webofscience.com/api/gateway?GWVersion=2&SrcAuth=InCites&SrcApp=tsm_test&DestApp=WOS_CPL&DestLinkType=FullRecord&KeyUT=ISI:000510870600001,4.892857,1.2079378366470337,1.4965278,2.86,11.59,9.355,Domestic - Single,99.2235,n/a
WOS:000667800000001,10.1093/aesthj/ayaa047,n/a,A Two-Tiered Theory of the Sublime,"Shapshay, Sandra",BRITISH JOURNAL OF AESTHETICS,1304 Fine Art; 0101 Philosophy; 1301 Art Theory,Article,61,2,123-143,2021,14,https://www.webofscience.com/api/gateway?GWVersion=2&SrcAuth=InCites&SrcApp=tsm_test&DestApp=WOS_CPL&DestLinkType=FullRecord&KeyUT=ISI:000667800000001,4.030303,0.9200627207756042,1.1733103,3.47,15.2164,11.9321,Domestic - Single,99.5298,n/a
WOS:000562439600004,="10.1177/1470412920941905",n/a,Familiar grammars of loss and belonging: curating trans kinship in post-dictatorship Argentina,"Rizki, Cole",JOURNAL OF VISUAL CULTURE,1304 Fine Art; 1301 Art Theory; 0303 Sociology; 1305 Design,Article,19,2,197-211,2020,13,https://www.webofscience.com/api/gateway?GWVersion=2&SrcAuth=InCites&SrcApp=tsm_test&DestApp=WOS_CPL&DestLinkType=FullRecord&KeyUT=ISI:000562439600004,11.52,1.2079378366470337,1.4965278,1.13,10.7621,8.6868,Domestic - Single,99.1372,0.4
WOS:000630038600001,10.33134/eeja.251,n/a,Beyond the Pleasure Principle: A Kantian Aesthetics of Autonomy,"Lopes, Dominic McIver",ESTETIKA-THE EUROPEAN JOURNAL OF AESTHETICS,1304 Fine Art; 0101 Philosophy; 1301 Art Theory,Article,58,1,1-18,2021,13,https://www.webofscience.com/api/gateway?GWVersion=2&SrcAuth=InCites&SrcApp=tsm_test&DestApp=WOS_CPL&DestLinkType=FullRecord&KeyUT=ISI:000630038600001,2.4,0.9200627207756042,1.1733103,5.42,14.1295,11.0798,Domestic - Single,99.4514,n/a
WOS:000527143700001,="10.1177/1470412920906258",n/a,Guest Editors' Introduction: Virtual reality: immersion and empathy,"Belisle, Brooke; Roquet, Paul",JOURNAL OF VISUAL CULTURE,1304 Fine Art; 1305 Design; 1301 Art Theory; 0303 Sociology,Editorial Material,19,1,3-10,2020,12,https://www.webofscience.com/api/gateway?GWVersion=2&SrcAuth=InCites&SrcApp=tsm_test&DestApp=WOS_CPL&DestLinkType=FullRecord&KeyUT=ISI:000527143700001,10.5,0.28523489832878113,1.08,1.14,42.0706,11.1111,Domestic - Multiple,99.6644,0.4
WOS:000837672800001,10.1093/jaac/kpac038,n/a,Artistic (Counter) Speech,"Dixon, Daisy",JOURNAL OF AESTHETICS AND ART CRITICISM,1304 Fine Art; 0101 Philosophy; 1301 Art Theory,Article,80,4,409-419,2022,12,https://www.webofscience.com/api/gateway?GWVersion=2&SrcAuth=InCites&SrcApp=tsm_test&DestApp=WOS_CPL&DestLinkType=FullRecord&KeyUT=ISI:000837672800001,2.243902,0.4984939694404602,0.6384892,5.35,24.0725,18.7944,Domestic - Single,99.7741,0.8
WOS:000510870600003,10.1111/jaac.12688,n/a,Why Trompe l'oeils Deceive Our Visual Experience,"Ferretti, Gabriele",JOURNAL OF AESTHETICS AND ART CRITICISM,1304 Fine Art; 0101 Philosophy; 1301 Art Theory,Article,78,1,33-42,2020,11,https://www.webofscience.com/api/gateway?GWVersion=2&SrcAuth=InCites&SrcApp=tsm_test&DestApp=WOS_CPL&DestLinkType=FullRecord&KeyUT=ISI:000510870600003,4.892857,1.2079378366470337,1.9253731,2.25,9.1064,5.7132,International - Bilateral,98.6195,n/a
WOS:000510870600007,n/a,n/a,Waltonian Perceptualism,"Ransom, Madeleine",JOURNAL OF AESTHETICS AND ART CRITICISM,1304 Fine Art; 1301 Art Theory; 0101 Philosophy,Editorial Material,78,1,66-70,2020,11,https://www.webofscience.com/api/gateway?GWVersion=2&SrcAuth=InCites&SrcApp=tsm_test&DestApp=WOS_CPL&DestLinkType=FullRecord&KeyUT=ISI:000510870600007,1.941176,0.28523489832878113,0.49557522,5.67,38.5647,22.1964,Domestic - Single,99.4966,n/a
WOS:000713814900007,10.1093/jaac/kpab051,n/a,"Some Considerations Regarding Adornment, the Gender ""Binary,"" and Gender Expression","Cray, Wesley D.",JOURNAL OF AESTHETICS AND ART CRITICISM,1304 Fine Art; 0101 Philosophy; 1301 Art Theory,Article,79,4,488-492,2021,11,https://www.webofscience.com/api/gateway?GWVersion=2&SrcAuth=InCites&SrcApp=tsm_test&DestApp=WOS_CPL&DestLinkType=FullRecord&KeyUT=ISI:000713814900007,4.533333,0.9200627207756042,1.1733103,2.43,11.9557,9.3752,Domestic - Single,99.2163,n/a
WOS:000606615100005,n/a,n/a,"ROCK ART RELATEDNESS AND CIRCULATION PATHS IN NORTHEAST PATAGONIA, ARGENTINA","Carden, Natalia; Borella, Florencia; Cardillo, Marcelo",ROCK ART RESEARCH,1304 Fine Art; 1301 Art Theory; 0601 Archaeology,Article,37,2,184-203,2020,11,https://www.webofscience.com/api/gateway?GWVersion=2&SrcAuth=InCites&SrcApp=tsm_test&DestApp=WOS_CPL&DestLinkType=FullRecord&KeyUT=ISI:000606615100005,4.533333,1.2079378366470337,1.475,2.43,9.1064,7.4576,Domestic - Multiple,98.6195,n/a
WOS:000635704500002,n/a,n/a,"LARGE GEOMETRIC PATTERNS FROM THE MIDDLE STONE AGE IN AEOLIANITES ON THE CAPE SOUTH COAST, SOUTH AFRICA","Helm, Charles W.; Cawthra, Hayley C.; De Vynck, Jan C.; Helm, Carina J. Z.; Rust, Renee; Stear, Willo",ROCK ART RESEARCH,1304 Fine Art; 1301 Art Theory; 0601 Archaeology,Article,38,1,10-22,2021,11,https://www.webofscience.com/api/gateway?GWVersion=2&SrcAuth=InCites&SrcApp=tsm_test&DestApp=WOS_CPL&DestLinkType=FullRecord&KeyUT=ISI:000635704500002,3.9375,0.9200627207756042,1.6,2.79,11.9557,6.875,International - Bilateral,99.2163,n/a
WOS:000658231000004,10.1093/jaac/kpab016,n/a,"Kant on Aesthetic Ideas, Rational Ideas and the Subject-Matter of Art","Geiger, Ido",JOURNAL OF AESTHETICS AND ART CRITICISM,1304 Fine Art; 0101 Philosophy; 1301 Art Theory,Article,79,2,186-199,2021,11,https://www.webofscience.com/api/gateway?GWVersion=2&SrcAuth=InCites&SrcApp=tsm_test&DestApp=WOS_CPL&DestLinkType=FullRecord&KeyUT=ISI:000658231000004,4.533333,0.9200627207756042,1.1733103,2.43,11.9557,9.3752,Domestic - Single,99.2163,n/a
WOS:000805850400012,10.1093/aesthj/ayac005,n/a,Fiction and Epistemic Value: State of the Art,"Green, Mitchell",BRITISH JOURNAL OF AESTHETICS,1304 Fine Art; 0101 Philosophy; 1301 Art Theory,Article,62,2,273-289,2022,11,https://www.webofscience.com/api/gateway?GWVersion=2&SrcAuth=InCites&SrcApp=tsm_test&DestApp=WOS_CPL&DestLinkType=FullRecord&KeyUT=ISI:000805850400012,2.486486,0.4984939694404602,0.6384892,4.42,22.0665,17.2282,Domestic - Single,99.6235,0.8
WOS:000603946900006,n/a,n/a,"Expendable, Gauging Vulnerability, Justice for Few, and Selective Proof of Facts","Raiford, Leigh",ART JOURNAL,1301 Art Theory; 1304 Fine Art,Art Exhibit Review,79,4,76-91,2020,11,https://www.webofscience.com/api/gateway?GWVersion=2&SrcAuth=InCites&SrcApp=tsm_test&DestApp=WOS_CPL&DestLinkType=FullRecord&KeyUT=ISI:000603946900006,1.823529,0.04850299283862114,0.2994012,6.03,226.7901,36.74,Domestic - Single,99.9401,n/a
WOS:000527143700003,="10.1177/1470412920906261",n/a,Empathy and nausea: virtual reality and Jordan Wolfson's Real Violence,"Bollmer, Grant; Guinness, Katherine",JOURNAL OF VISUAL CULTURE,1304 Fine Art; 1301 Art Theory; 0303 Sociology; 1305 Design,Article,19,1,28-46,2020,11,https://www.webofscience.com/api/gateway?GWVersion=2&SrcAuth=InCites&SrcApp=tsm_test&DestApp=WOS_CPL&DestLinkType=FullRecord&KeyUT=ISI:000527143700003,11.52,1.2079378366470337,1.475,0.95,9.1064,7.4576,Domestic - Multiple,98.6195,0.4
WOS:000541962000026,10.1162/leon_a_01690,n/a,Emergent Knowledge in the Third Space of Art-Science,"Muller, Lizzie; Froggett, Lynn; Bennett, Jill",LEONARDO,1304 Fine Art; 1301 Art Theory,Article,53,3,321-326,2020,11,https://www.webofscience.com/api/gateway?GWVersion=2&SrcAuth=InCites&SrcApp=tsm_test&DestApp=WOS_CPL&DestLinkType=FullRecord&KeyUT=ISI:000541962000026,2.112676,1.2079378366470337,1.9253731,5.21,9.1064,5.7132,International - Bilateral,98.6195,n/a
WOS:000766261700005,10.1080/00043079.2021.1970479,n/a,Decolonizing Art and Empire,"Black, Charlene Villaseinor; Barringer, Tim",ART BULLETIN,1304 Fine Art; 1301 Art Theory,Article,104,1,6-20,2022,11,https://www.webofscience.com/api/gateway?GWVersion=2&SrcAuth=InCites&SrcApp=tsm_test&DestApp=WOS_CPL&DestLinkType=FullRecord&KeyUT=ISI:000766261700005,2.0,0.4984939694404602,0.8739496,5.5,22.0665,12.5865,Domestic - Multiple,99.6235,0.7
WOS:000531474500013,10.1162/leon_a_01863,n/a,Chinese Traditional Handicraft Education Using AR Content,"Ji, Yi; Tan, Peng; Fills, Damian, I",LEONARDO,1304 Fine Art; 1301 Art Theory,Article,53,2,199-200,2020,11,https://www.webofscience.com/api/gateway?GWVersion=2&SrcAuth=InCites&SrcApp=tsm_test&DestApp=WOS_CPL&DestLinkType=FullRecord&KeyUT=ISI:000531474500013,2.112676,1.2079378366470337,1.9253731,5.21,9.1064,5.7132,International - Bilateral,98.6195,n/a
WOS:000596544400006,="10.1177/1470412920964907",n/a,After fashion film: social video and brand content in the influencer economy,"Rees-Roberts, Nick",JOURNAL OF VISUAL CULTURE,1304 Fine Art; 1301 Art Theory; 0303 Sociology; 1305 Design,Article,19,3,405-421,2020,11,https://www.webofscience.com/api/gateway?GWVersion=2&SrcAuth=InCites&SrcApp=tsm_test&DestApp=WOS_CPL&DestLinkType=FullRecord&KeyUT=ISI:000596544400006,11.52,1.2079378366470337,1.4965278,0.95,9.1064,7.3503,Domestic - Single,98.6195,0.4
WOS:000584685800001,10.1080/03087298.2020.1827832,n/a,Why Pictures? From Art History to Business History and Back Again,"Edwards, Steve",HISTORY OF PHOTOGRAPHY,1304 Fine Art; 1301 Art Theory,Article,44,1,3-15,2020,10,https://www.webofscience.com/api/gateway?GWVersion=2&SrcAuth=InCites&SrcApp=tsm_test&DestApp=WOS_CPL&DestLinkType=FullRecord&KeyUT=ISI:000584685800001,1.615385,1.2079378366470337,0.0,6.19,8.2786,0.0,n/a,98.1881,n/a
WOS:000744461900007,10.1093/jaac/kpab065,n/a,What Makes Heavy Metal 'Heavy'?,"Miller, Jason",JOURNAL OF AESTHETICS AND ART CRITICISM,1304 Fine Art; 0101 Philosophy; 1301 Art Theory,Article,80,1,70-82,2021,10,https://www.webofscience.com/api/gateway?GWVersion=2&SrcAuth=InCites&SrcApp=tsm_test&DestApp=WOS_CPL&DestLinkType=FullRecord&KeyUT=ISI:000744461900007,4.533333,0.9200627207756042,1.1733103,2.21,10.8688,8.5229,Domestic - Single,99.0596,n/a
WOS:000606615100002,n/a,n/a,"UNDERSTANDING THE PERCEPTION AND APPROPRIATION OF SPACE IN PALAEOLITHIC DECORATED CAVES: NEW METHODS AND TOOLS, WITH THE EXAMPLES OF CUSSAC AND LASCAUX CAVES","Jouteau, Armance; Feruglio, Valerie; Lacanette, Delphine; Carre, Samuel; Noe, Nicolas; Jaubert, Jacques",ROCK ART RESEARCH,1304 Fine Art; 1301 Art Theory; 0601 Archaeology,Article,37,2,137-154,2020,10,https://www.webofscience.com/api/gateway?GWVersion=2&SrcAuth=InCites&SrcApp=tsm_test&DestApp=WOS_CPL&DestLinkType=FullRecord&KeyUT=ISI:000606615100002,4.533333,1.2079378366470337,1.475,2.21,8.2786,6.7797,Domestic - Multiple,98.1881,n/a
WOS:000535317600009,n/a,n/a,"THE 2018 AND 2019 ROCK ART EXPEDITIONS TO LIANYUNGANG, EAST CHINA","Anni, Jin; Ge, Chao",ROCK ART RESEARCH,1304 Fine Art; 1301 Art Theory; 0601 Archaeology,Article,37,1,74-81,2020,10,https://www.webofscience.com/api/gateway?GWVersion=2&SrcAuth=InCites&SrcApp=tsm_test&DestApp=WOS_CPL&DestLinkType=FullRecord&KeyUT=ISI:000535317600009,4.533333,1.2079378366470337,1.4965278,2.21,8.2786,6.6821,Domestic - Single,98.1881,n/a
WOS:000732171000005,10.1162/leon_a_02054,n/a,Slow Looking at Slow Art The Work of Pierre Bonnard,"Chamberlain, Rebecca; Pepperell, Robert",LEONARDO,1304 Fine Art; 1301 Art Theory,Article,54,6,615-+,2021,10,https://www.webofscience.com/api/gateway?GWVersion=2&SrcAuth=InCites&SrcApp=tsm_test&DestApp=WOS_CPL&DestLinkType=FullRecord&KeyUT=ISI:000732171000005,2.107143,0.9200627207756042,1.3684211,4.75,10.8688,7.3077,Domestic - Multiple,99.0596,n/a
WOS:000537607700010,n/a,n/a,NON-INVASIVE STUDY OF THE EVOLUTION OF PIGMENTS AND COLOURANTS USE IN 19TH CENTURY UKIYO-E,"Vermeulen, Marc; Mueller, Emily M. K.; Leona, Marco",ARTS OF ASIA,1301 Art Theory; 1304 Fine Art; 0303 Sociology,Art Exhibit Review,50,2,103-114,2020,10,https://www.webofscience.com/api/gateway?GWVersion=2&SrcAuth=InCites&SrcApp=tsm_test&DestApp=WOS_CPL&DestLinkType=FullRecord&KeyUT=ISI:000537607700010,0.3,0.04850299283862114,0.54545456,33.33,206.1728,18.3333,Domestic - Multiple,99.8802,n/a
WOS:000535317600006,n/a,n/a,NEW EVIDENCE FOR A BRONZE AGE DATE OF CHARIOT DEPICTIONS IN THE EURASIAN STEPPE,"Caspari, Gino; Sadykov, Timur; Blochin, Jegor; Bolliger, Matthias; Szidat, Sonke",ROCK ART RESEARCH,1304 Fine Art; 1301 Art Theory; 0601 Archaeology,Article,37,1,53-58,2020,10,https://www.webofscience.com/api/gateway?GWVersion=2&SrcAuth=InCites&SrcApp=tsm_test&DestApp=WOS_CPL&DestLinkType=FullRecord&KeyUT=ISI:000535317600006,4.533333,1.2079378366470337,2.625,2.21,8.2786,3.8095,International - Trilateral,98.1881,n/a
WOS:000692337000001,n/a,n/a,Mapping Art History in the Digital Era,"Sebastian Lozano, Jorge",ART BULLETIN,1304 Fine Art; 1301 Art Theory,Editorial Material,103,3,6-16,2021,10,https://www.webofscience.com/api/gateway?GWVersion=2&SrcAuth=InCites&SrcApp=tsm_test&DestApp=WOS_CPL&DestLinkType=FullRecord&KeyUT=ISI:000692337000001,3.333333,0.12772585451602936,0.30075186,3.0,78.2927,33.25,Domestic - Single,99.8442,n/a
WOS:000569530400003,10.1093/aesthj/ayz053,n/a,Fatal Prescription,"Stear, Nils-Hennes",BRITISH JOURNAL OF AESTHETICS,1304 Fine Art; 0101 Philosophy; 1301 Art Theory,Article,60,2,151-163,2020,10,https://www.webofscience.com/api/gateway?GWVersion=2&SrcAuth=InCites&SrcApp=tsm_test&DestApp=WOS_CPL&DestLinkType=FullRecord&KeyUT=ISI:000569530400003,4.88,1.2079378366470337,1.9253731,2.05,8.2786,5.1938,International - Bilateral,98.1881,n/a
WOS:000527143700008,="10.1177/1470412920909990",n/a,Whole world within reach: Google Earth VR,"Belisle, Brooke",JOURNAL OF VISUAL CULTURE,1304 Fine Art; 1301 Art Theory; 0303 Sociology; 1305 Design,Article,19,1,112-136,2020,9,https://www.webofscience.com/api/gateway?GWVersion=2&SrcAuth=InCites&SrcApp=tsm_test&DestApp=WOS_CPL&DestLinkType=FullRecord&KeyUT=ISI:000527143700008,11.52,1.2079378366470337,1.4965278,0.78,7.4507,6.0139,Domestic - Single,97.6704,0.4
WOS:000562439600002,="10.1177/1470412920944480",n/a,The wavering line of foreground and background: a proposal for the schematic analysis of trans visual culture,"Steinbock, Eliza",JOURNAL OF VISUAL CULTURE,1304 Fine Art; 1301 Art Theory; 0303 Sociology; 1305 Design,Article,19,2,171-183,2020,9,https://www.webofscience.com/api/gateway?GWVersion=2&SrcAuth=InCites&SrcApp=tsm_test&DestApp=WOS_CPL&DestLinkType=FullRecord&KeyUT=ISI:000562439600002,11.52,1.2079378366470337,1.475,0.78,7.4507,6.1017,Domestic - Multiple,97.6704,0.4
WOS:000533650000002,10.1111/jaac.12716,n/a,Plato in Therapy: A Cognitivist Reassessment of the Republic's Idea of Mimesis,"Grethlein, Jonas",JOURNAL OF AESTHETICS AND ART CRITICISM,1304 Fine Art; 0101 Philosophy; 1301 Art Theory,Article,78,2,157-169,2020,9,https://www.webofscience.com/api/gateway?GWVersion=2&SrcAuth=InCites&SrcApp=tsm_test&DestApp=WOS_CPL&DestLinkType=FullRecord&KeyUT=ISI:000533650000002,4.892857,1.2079378366470337,1.4965278,1.84,7.4507,6.0139,Domestic - Single,97.6704,n/a
WOS:000537581100005,10.1080/00043079.2020.1676133,n/a,Miscegenation in Marble: John Bell's Octoroon,"Bagneris, Mia L.",ART BULLETIN,1304 Fine Art; 1301 Art Theory,Article,102,2,64-90,2020,9,https://www.webofscience.com/api/gateway?GWVersion=2&SrcAuth=InCites&SrcApp=tsm_test&DestApp=WOS_CPL&DestLinkType=FullRecord&KeyUT=ISI:000537581100005,3.368421,1.2079378366470337,1.4965278,2.67,7.4507,6.0139,Domestic - Single,97.6704,n/a
WOS:000596544400001,="10.1177/1470412920966015",n/a,"Introduction: touch, click and motion: archaeologies of fashion film after digital culture","Evans, Caroline; Parikka, Jussi",JOURNAL OF VISUAL CULTURE,1304 Fine Art; 1301 Art Theory; 1305 Design; 0303 Sociology,Editorial Material,19,3,323-339,2020,9,https://www.webofscience.com/api/gateway?GWVersion=2&SrcAuth=InCites&SrcApp=tsm_test&DestApp=WOS_CPL&DestLinkType=FullRecord&KeyUT=ISI:000596544400001,10.5,0.28523489832878113,1.08,0.86,31.5529,8.3333,Domestic - Multiple,99.3289,0.4
WOS:000846912700001,10.1093/jaac/kpac040,n/a,How Statues Speak,"Friedell, David; Liao, Shen-Yi",JOURNAL OF AESTHETICS AND ART CRITICISM,1304 Fine Art; 0101 Philosophy; 1301 Art Theory,Article,80,4,444-452,2022,9,https://www.webofscience.com/api/gateway?GWVersion=2&SrcAuth=InCites&SrcApp=tsm_test&DestApp=WOS_CPL&DestLinkType=FullRecord&KeyUT=ISI:000846912700001,2.243902,0.4984939694404602,0.8739496,4.01,18.0544,10.2981,Domestic - Multiple,99.5482,0.8
WOS:000527143700005,="10.1177/1470412920906260",n/a,Empathy for the game master: how virtual reality creates empathy for those seen to be creating VR,"Roquet, Paul",JOURNAL OF VISUAL CULTURE,1304 Fine Art; 1301 Art Theory; 0303 Sociology; 1305 Design,Article,19,1,65-80,2020,9,https://www.webofscience.com/api/gateway?GWVersion=2&SrcAuth=InCites&SrcApp=tsm_test&DestApp=WOS_CPL&DestLinkType=FullRecord&KeyUT=ISI:000527143700005,11.52,1.2079378366470337,1.4965278,0.78,7.4507,6.0139,Domestic - Single,97.6704,0.4
WOS:000522763800001,10.1111/1467-8365.12508,n/a,"EROS, that's life","Harris, Steven",ART HISTORY,1304 Fine Art; 1301 Art Theory,Article,43,3,565-+,2020,9,https://www.webofscience.com/api/gateway?GWVersion=2&SrcAuth=InCites&SrcApp=tsm_test&DestApp=WOS_CPL&DestLinkType=FullRecord&KeyUT=ISI:000522763800001,1.366667,1.2079378366470337,1.4965278,6.59,7.4507,6.0139,Domestic - Single,97.6704,n/a
WOS:000667800000002,10.1093/aesthj/ayaa030,n/a,At the Limits: What Drives Experiences of the Sublime,"Arcangeli, Margherita; Dokic, Jerome",BRITISH JOURNAL OF AESTHETICS,1304 Fine Art; 0101 Philosophy; 1301 Art Theory,Article,61,2,145-161,2021,9,https://www.webofscience.com/api/gateway?GWVersion=2&SrcAuth=InCites&SrcApp=tsm_test&DestApp=WOS_CPL&DestLinkType=FullRecord&KeyUT=ISI:000667800000002,4.030303,0.9200627207756042,1.1733103,2.23,9.7819,7.6706,Domestic - Single,98.9812,n/a
WOS:000547830000001,10.1080/00233609.2020.1788636,n/a,Winckelmann's Depreciation of Colour in Light of theQuerelle du colorisand Recent Critique,"Hodne, Lasse",KONSTHISTORISK TIDSKRIFT,1304 Fine Art; 1301 Art Theory,Article,89,3,191-210,2020,8,https://www.webofscience.com/api/gateway?GWVersion=2&SrcAuth=InCites&SrcApp=tsm_test&DestApp=WOS_CPL&DestLinkType=FullRecord&KeyUT=ISI:000547830000001,0.8125,1.2079378366470337,1.4965278,9.85,6.6229,5.3457,Domestic - Single,96.8939,n/a
WOS:000658231000001,10.1093/jaac/kpab002,n/a,What Is the Monumental?,"Shapshay, Sandra",JOURNAL OF AESTHETICS AND ART CRITICISM,1304 Fine Art; 0101 Philosophy; 1301 Art Theory,Article,79,2,145-160,2021,8,https://www.webofscience.com/api/gateway?GWVersion=2&SrcAuth=InCites&SrcApp=tsm_test&DestApp=WOS_CPL&DestLinkType=FullRecord&KeyUT=ISI:000658231000001,4.533333,0.9200627207756042,1.3684211,1.76,8.6951,5.8462,Domestic - Multiple,98.3542,n/a
WOS:000778827200001,10.33134/eeja.234,n/a,What Is Street Art?,"Baldini, Andrea Lorenzo",ESTETIKA-THE EUROPEAN JOURNAL OF AESTHETICS,1304 Fine Art; 0101 Philosophy; 1301 Art Theory,Article,59,1,1-21,2022,8,https://www.webofscience.com/api/gateway?GWVersion=2&SrcAuth=InCites&SrcApp=tsm_test&DestApp=WOS_CPL&DestLinkType=FullRecord&KeyUT=ISI:000778827200001,2.5,0.4984939694404602,0.6384892,3.2,16.0483,12.5296,Domestic - Single,99.3223,0.3
WOS:000603946900007,n/a,n/a,Tomorrow Is Another Day,"Lewis, Sarah Elizabeth",ART JOURNAL,1301 Art Theory; 1304 Fine Art,Art Exhibit Review,79,4,92-113,2020,8,https://www.webofscience.com/api/gateway?GWVersion=2&SrcAuth=InCites&SrcApp=tsm_test&DestApp=WOS_CPL&DestLinkType=FullRecord&KeyUT=ISI:000603946900007,1.823529,0.04850299283862114,0.2994012,4.39,164.9383,26.72,Domestic - Single,99.7605,n/a
WOS:000777085400014,n/a,n/a,Thinking Phygital: A Museological Framework of Predictive Futures,"Debono, Sandro",MUSEUM INTERNATIONAL,1304 Fine Art,Article,73,3-4,156-167,2021,8,https://www.webofscience.com/api/gateway?GWVersion=2&SrcAuth=InCites&SrcApp=tsm_test&DestApp=WOS_CPL&DestLinkType=FullRecord&KeyUT=ISI:000777085400014,1.647059,0.9200627207756042,1.6,4.86,8.6951,5.0,International - Bilateral,98.3542,n/a
WOS:000688204100018,10.1162/leon_a_01835,n/a,The Main Course Was Mealworms The Epistemics of Art and Science in Public Engagement,"Bevan, Bronwyn; Mejias, Sam; Rosin, Mark; Wong, Jen",LEONARDO,1304 Fine Art; 1301 Art Theory,Article,54,4,456-461,2021,8,https://www.webofscience.com/api/gateway?GWVersion=2&SrcAuth=InCites&SrcApp=tsm_test&DestApp=WOS_CPL&DestLinkType=FullRecord&KeyUT=ISI:000688204100018,2.107143,0.9200627207756042,1.6,3.8,8.6951,5.0,International - Bilateral,98.3542,n/a
WOS:000558920500002,n/a,n/a,"The Aesthetics of Imperfection Reconceived: Improvisations, Compositions, and Mistakes","Hamilton, Andy",JOURNAL OF AESTHETICS AND ART CRITICISM,1304 Fine Art; 0101 Philosophy; 1301 Art Theory,Article,78,3,289-301,2020,8,https://www.webofscience.com/api/gateway?GWVersion=2&SrcAuth=InCites&SrcApp=tsm_test&DestApp=WOS_CPL&DestLinkType=FullRecord&KeyUT=ISI:000558920500002,4.892857,1.2079378366470337,1.4965278,1.64,6.6229,5.3457,Domestic - Single,96.8939,n/a
WOS:000891986000001,10.1093/aesthj/ayac059,n/a,The Aesthetic Enkratic Principle,"Marin, Irene Martinez",BRITISH JOURNAL OF AESTHETICS,1304 Fine Art; 0101 Philosophy; 1301 Art Theory,Article,63,2,251-268,2022,8,https://www.webofscience.com/api/gateway?GWVersion=2&SrcAuth=InCites&SrcApp=tsm_test&DestApp=WOS_CPL&DestLinkType=FullRecord&KeyUT=ISI:000891986000001,2.486486,0.4984939694404602,0.6384892,3.22,16.0483,12.5296,Domestic - Single,99.3223,0.8
WOS:000606615100006,n/a,n/a,"THE BUFFAROO: A 'FIRST-SIGHT' DEPICTION OF INTRODUCED BUFFALO IN THE ROCK ART OF WESTERN ARNHEM LAND, AUSTRALIA","May, Sally K.; Wright, Duncan; Sanz, Ines Domingo; Goldhahn, Joakim; Maralngurra, Gabriel",ROCK ART RESEARCH,1304 Fine Art; 1301 Art Theory; 0601 Archaeology,Article,37,2,204-216,2020,8,https://www.webofscience.com/api/gateway?GWVersion=2&SrcAuth=InCites&SrcApp=tsm_test&DestApp=WOS_CPL&DestLinkType=FullRecord&KeyUT=ISI:000606615100006,4.533333,1.2079378366470337,2.625,1.76,6.6229,3.0476,International - Trilateral,96.8939,n/a
WOS:000732771900002,10.1093/aesthj/ayaa005,n/a,Schiller on Freedom and Aesthetic Value: Part II,"Matherne, Samantha; Riggle, Nick",BRITISH JOURNAL OF AESTHETICS,1304 Fine Art; 0101 Philosophy; 1301 Art Theory,Article,61,1,17-40,2021,8,https://www.webofscience.com/api/gateway?GWVersion=2&SrcAuth=InCites&SrcApp=tsm_test&DestApp=WOS_CPL&DestLinkType=FullRecord&KeyUT=ISI:000732771900002,4.030303,0.9200627207756042,1.3684211,1.98,8.6951,5.8462,Domestic - Multiple,98.3542,n/a
WOS:000558920500007,10.1111/jaac.12734,n/a,On Experiencing Installation Art,"Caldarola, Elisa",JOURNAL OF AESTHETICS AND ART CRITICISM,1301 Art Theory; 1304 Fine Art; 0101 Philosophy,Art Exhibit Review,78,3,339-343,2020,8,https://www.webofscience.com/api/gateway?GWVersion=2&SrcAuth=InCites&SrcApp=tsm_test&DestApp=WOS_CPL&DestLinkType=FullRecord&KeyUT=ISI:000558920500007,3.2,0.04850299283862114,0.2994012,2.5,164.9383,26.72,Domestic - Single,99.7605,n/a
WOS:000544446700008,n/a,n/a,"Of Particle Systems and Picturesque Ontologies: Landscape, Nature, and Realism in Video Games","Shinkle, Eugenie",ART JOURNAL,1304 Fine Art; 1301 Art Theory,Article,79,2,59-67,2020,8,https://www.webofscience.com/api/gateway?GWVersion=2&SrcAuth=InCites&SrcApp=tsm_test&DestApp=WOS_CPL&DestLinkType=FullRecord&KeyUT=ISI:000544446700008,1.5,1.2079378366470337,1.4965278,5.33,6.6229,5.3457,Domestic - Single,96.8939,n/a
WOS:000787385800001,10.1093/jaac/kpab078,n/a,Learning Implicit Biases from Fiction,"Goffin, Kris; Friend, Stacie",JOURNAL OF AESTHETICS AND ART CRITICISM,1304 Fine Art; 0101 Philosophy; 1301 Art Theory,Article,80,2,129-139,2022,8,https://www.webofscience.com/api/gateway?GWVersion=2&SrcAuth=InCites&SrcApp=tsm_test&DestApp=WOS_CPL&DestLinkType=FullRecord&KeyUT=ISI:000787385800001,2.243902,0.4984939694404602,0.8679245,3.57,16.0483,9.2174,International - Bilateral,99.3223,0.8
WOS:000608018800002,10.1093/aesthj/ayz051,n/a,Intuitions on the Individuation of Musical Works. An Empirical Study,"Mikalonyte, Elze Sigute; Dranseika, Vilius",BRITISH JOURNAL OF AESTHETICS,1304 Fine Art; 0101 Philosophy; 1301 Art Theory,Article,60,3,253-282,2020,8,https://www.webofscience.com/api/gateway?GWVersion=2&SrcAuth=InCites&SrcApp=tsm_test&DestApp=WOS_CPL&DestLinkType=FullRecord&KeyUT=ISI:000608018800002,4.88,1.2079378366470337,1.4965278,1.64,6.6229,5.3457,Domestic - Single,96.8939,n/a
WOS:000537581100006,10.1080/00043079.2020.1676129,n/a,Impressionism and the Standardization of Time: Claude Monet at Gare Saint-Lazare,"Dombrowski, Andre",ART BULLETIN,1304 Fine Art; 1301 Art Theory,Article,102,2,91-120,2020,8,https://www.webofscience.com/api/gateway?GWVersion=2&SrcAuth=InCites&SrcApp=tsm_test&DestApp=WOS_CPL&DestLinkType=FullRecord&KeyUT=ISI:000537581100006,3.368421,1.2079378366470337,1.4965278,2.38,6.6229,5.3457,Domestic - Single,96.8939,n/a
WOS:000569530400006,10.1093/aesthj/ayz040,n/a,"How Literature Delivers Knowledge and Understanding, Illustrated by Hardy's Tess of the D'Urbervilles and Wharton's Summer","Peels, Rik",BRITISH JOURNAL OF AESTHETICS,1304 Fine Art; 0101 Philosophy; 1301 Art Theory,Article,60,2,199-222,2020,8,https://www.webofscience.com/api/gateway?GWVersion=2&SrcAuth=InCites&SrcApp=tsm_test&DestApp=WOS_CPL&DestLinkType=FullRecord&KeyUT=ISI:000569530400006,4.88,1.2079378366470337,1.4965278,1.64,6.6229,5.3457,Domestic - Single,96.8939,n/a
WOS:000658231000007,10.1093/jaac/kpab017,n/a,How Empathy with Fictional Characters Differs from Empathy with Real Persons,"Petraschka, Thomas",JOURNAL OF AESTHETICS AND ART CRITICISM,1304 Fine Art; 0101 Philosophy; 1301 Art Theory,Article,79,2,227-232,2021,8,https://www.webofscience.com/api/gateway?GWVersion=2&SrcAuth=InCites&SrcApp=tsm_test&DestApp=WOS_CPL&DestLinkType=FullRecord&KeyUT=ISI:000658231000007,4.533333,0.9200627207756042,1.7857143,1.76,8.6951,4.48,International - Trilateral,98.3542,n/a
WOS:000707928400001,10.1111/1467-8365.12613,n/a,"Domestic Slavery, Skin Colour, and Image Dialectic in Thirteenth-Century Arabic Manuscripts","Balafrej, Lamia",ART HISTORY,1304 Fine Art; 1301 Art Theory,Article,44,5,1012-+,2021,8,https://www.webofscience.com/api/gateway?GWVersion=2&SrcAuth=InCites&SrcApp=tsm_test&DestApp=WOS_CPL&DestLinkType=FullRecord&KeyUT=ISI:000707928400001,1.8,0.9200627207756042,1.1733103,4.44,8.6951,6.8183,Domestic - Single,98.3542,n/a
WOS:000558920500004,n/a,n/a,Do Trompe l'oeils Look Right When Viewed from the Wrong Place?,"Ferretti, Gabriele",JOURNAL OF AESTHETICS AND ART CRITICISM,1304 Fine Art; 0101 Philosophy; 1301 Art Theory,Article,78,3,319-330,2020,8,https://www.webofscience.com/api/gateway?GWVersion=2&SrcAuth=InCites&SrcApp=tsm_test&DestApp=WOS_CPL&DestLinkType=FullRecord&KeyUT=ISI:000558920500004,4.892857,1.2079378366470337,1.4965278,1.64,6.6229,5.3457,Domestic - Single,96.8939,n/a
WOS:000713814900001,10.1093/jaac/kpab054,n/a,Creative Agency as Executive Agency: Grounding the Artistic Significance of Automatic Images,"Anscomb, Claire",JOURNAL OF AESTHETICS AND ART CRITICISM,1304 Fine Art; 0101 Philosophy; 1301 Art Theory,Article,79,4,415-427,2021,8,https://www.webofscience.com/api/gateway?GWVersion=2&SrcAuth=InCites&SrcApp=tsm_test&DestApp=WOS_CPL&DestLinkType=FullRecord&KeyUT=ISI:000713814900001,4.533333,0.9200627207756042,1.1733103,1.76,8.6951,6.8183,Domestic - Single,98.3542,n/a
WOS:000518322700001,10.1080/09528822.2020.1733845,n/a,Afronauts Race in Space,"Bourland, W. Ian",THIRD TEXT,1304 Fine Art; 1301 Art Theory,Article,34,2,209-229,2020,8,https://www.webofscience.com/api/gateway?GWVersion=2&SrcAuth=InCites&SrcApp=tsm_test&DestApp=WOS_CPL&DestLinkType=FullRecord&KeyUT=ISI:000518322700001,1.4375,1.2079378366470337,0.0,5.57,6.6229,0.0,n/a,96.8939,n/a
WOS:000635704500007,n/a,n/a,"""OUR DAD'S PAINTING IS HIDING, IN SECRET PLACE"": REVERBERATIONS OF A ROCK PAINTING EPISODE IN KAKADU NATIONAL PARK, AUSTRALIA","Goldhahn, Joakim; Biyalwanga, Linda; May, Sally K.; Blawgur, Julie; Tacon, Paul S. C.; Sullivan, Joanne; Johnston, Iain G.; Lee, Jeffrey",ROCK ART RESEARCH,1304 Fine Art; 1301 Art Theory; 0601 Archaeology,Article,38,1,59-69,2021,8,https://www.webofscience.com/api/gateway?GWVersion=2&SrcAuth=InCites&SrcApp=tsm_test&DestApp=WOS_CPL&DestLinkType=FullRecord&KeyUT=ISI:000635704500007,3.9375,0.9200627207756042,1.3684211,2.03,8.6951,5.8462,Domestic - Multiple,98.3542,n/a
WOS:000574879400014,n/a,n/a,"WHOEVER SEEKS, FINDS. ROCK ART IN SOUTHERN CHILE: ASSESSMENT, PERSPECTIVES, AND QUESTIONS","Campbell, Roberto; Moya Canoles, Francisca; Gutierrez, Renata",BOLETIN DEL MUSEO CHILENO DE ARTE PRECOLOMBINO,1304 Fine Art; 1301 Art Theory; 0601 Archaeology,Article,25,1,247-269,2020,7,https://www.webofscience.com/api/gateway?GWVersion=2&SrcAuth=InCites&SrcApp=tsm_test&DestApp=WOS_CPL&DestLinkType=FullRecord&KeyUT=ISI:000574879400014,2.0,1.2079378366470337,2.625,3.5,5.795,2.6667,International - Trilateral,95.9448,n/a
WOS:000709993500001,="10.1086/715058",n/a,The Iberian Hebrew Bible: Rabbinic Writings and Ornamental Carpet Pages,"Harris, Julie A.",GESTA-INTERNATIONAL CENTER OF MEDIEVAL ART,1304 Fine Art; 0603 World History; 1301 Art Theory,Article,60,2,121-139,2021,7,https://www.webofscience.com/api/gateway?GWVersion=2&SrcAuth=InCites&SrcApp=tsm_test&DestApp=WOS_CPL&DestLinkType=FullRecord&KeyUT=ISI:000709993500001,2.3,0.9200627207756042,0.0,3.04,7.6082,0.0,n/a,97.7273,n/a
WOS:000533650000001,10.1111/jaac.12726,n/a,The Diversity of Intrinsic Ethical Flaws in Fiction,"Clavel-Vazquez, Adriana",JOURNAL OF AESTHETICS AND ART CRITICISM,1304 Fine Art; 0101 Philosophy; 1301 Art Theory,Article,78,2,143-155,2020,7,https://www.webofscience.com/api/gateway?GWVersion=2&SrcAuth=InCites&SrcApp=tsm_test&DestApp=WOS_CPL&DestLinkType=FullRecord&KeyUT=ISI:000533650000001,4.892857,1.2079378366470337,1.4965278,1.43,5.795,4.6775,Domestic - Single,95.9448,n/a
WOS:000656304100001,="10.1080/00233609.20201775696",n/a,Scented Scenographics and Olfactory Art: Making Sense of Scent in the Museum,"Kjellmer, Viveka",KONSTHISTORISK TIDSKRIFT,1304 Fine Art; 1301 Art Theory,Article,90,2,72-87,2021,7,https://www.webofscience.com/api/gateway?GWVersion=2&SrcAuth=InCites&SrcApp=tsm_test&DestApp=WOS_CPL&DestLinkType=FullRecord&KeyUT=ISI:000656304100001,1.571429,0.9200627207756042,1.1733103,4.45,7.6082,5.966,Domestic - Single,97.7273,n/a
WOS:000562439600001,="10.1177/1470412920946829",n/a,Prismatic views: a look at the growing field of transgender art and visual culture studies,"Metzger, Cyle; Ringelberg, Kirstin",JOURNAL OF VISUAL CULTURE,1304 Fine Art; 1301 Art Theory; 0303 Sociology; 1305 Design,Article,19,2,159-170,2020,7,https://www.webofscience.com/api/gateway?GWVersion=2&SrcAuth=InCites&SrcApp=tsm_test&DestApp=WOS_CPL&DestLinkType=FullRecord&KeyUT=ISI:000562439600001,11.52,1.2079378366470337,1.475,0.61,5.795,4.7458,Domestic - Multiple,95.9448,0.4
WOS:000743558500003,10.1093/aesthj/ayab009,n/a,New Objections to Cultural Appropriation in the Arts,"Young, James O.",BRITISH JOURNAL OF AESTHETICS,1304 Fine Art; 0101 Philosophy; 1301 Art Theory,Article,61,3,307-316,2021,7,https://www.webofscience.com/api/gateway?GWVersion=2&SrcAuth=InCites&SrcApp=tsm_test&DestApp=WOS_CPL&DestLinkType=FullRecord&KeyUT=ISI:000743558500003,4.030303,0.9200627207756042,1.1733103,1.74,7.6082,5.966,Domestic - Single,97.7273,n/a
WOS:000562109100003,10.1080/00043079.2020.1711485,n/a,"Mutable, Flexible, Fluid: Papyrus Drawings for Textiles and Replication in Roman Art","Elsner, Jas",ART BULLETIN,1304 Fine Art; 1301 Art Theory,Article,102,3,7-27,2020,7,https://www.webofscience.com/api/gateway?GWVersion=2&SrcAuth=InCites&SrcApp=tsm_test&DestApp=WOS_CPL&DestLinkType=FullRecord&KeyUT=ISI:000562109100003,3.368421,1.2079378366470337,1.4965278,2.08,5.795,4.6775,Domestic - Single,95.9448,n/a
WOS:000667800000003,10.1093/aesthj/ayaa033,n/a,Let's be Liberal: An Alternative to Aesthetic Hedonism,"Peacocke, Antonia",BRITISH JOURNAL OF AESTHETICS,1304 Fine Art; 0101 Philosophy; 1301 Art Theory,Article,61,2,163-183,2021,7,https://www.webofscience.com/api/gateway?GWVersion=2&SrcAuth=InCites&SrcApp=tsm_test&DestApp=WOS_CPL&DestLinkType=FullRecord&KeyUT=ISI:000667800000003,4.030303,0.9200627207756042,1.1733103,1.74,7.6082,5.966,Domestic - Single,97.7273,n/a
WOS:000743560900001,10.1093/aesthj/ayab022,n/a,Kant on the Aesthetic Ideas of Beautiful Nature,"Reiter, Aviv",BRITISH JOURNAL OF AESTHETICS,1304 Fine Art; 0101 Philosophy; 1301 Art Theory,Article,61,4,403-419,2021,7,https://www.webofscience.com/api/gateway?GWVersion=2&SrcAuth=InCites&SrcApp=tsm_test&DestApp=WOS_CPL&DestLinkType=FullRecord&KeyUT=ISI:000743560900001,4.030303,0.9200627207756042,1.1733103,1.74,7.6082,5.966,Domestic - Single,97.7273,n/a
WOS:000608018800001,10.1093/aesthj/ayz049,n/a,Imaginative Desires and Interactive Fiction: On Wanting to Shoot Fictional Zombies,"Van de Mosselaer, Nele",BRITISH JOURNAL OF AESTHETICS,1304 Fine Art; 0101 Philosophy; 1301 Art Theory,Article,60,3,241-251,2020,7,https://www.webofscience.com/api/gateway?GWVersion=2&SrcAuth=InCites&SrcApp=tsm_test&DestApp=WOS_CPL&DestLinkType=FullRecord&KeyUT=ISI:000608018800001,4.88,1.2079378366470337,1.4965278,1.43,5.795,4.6775,Domestic - Single,95.9448,n/a
WOS:000711936400007,10.1162/leon_a_01959,n/a,"How Music AI Is Useful Engagements with Composers, Performers and Audiences","Ben-Tal, Oded; Harris, Matthew Tobias; Sturm, Bob L. T.",LEONARDO,1304 Fine Art; 1301 Art Theory,Article,54,5,510-516,2021,7,https://www.webofscience.com/api/gateway?GWVersion=2&SrcAuth=InCites&SrcApp=tsm_test&DestApp=WOS_CPL&DestLinkType=FullRecord&KeyUT=ISI:000711936400007,2.107143,0.9200627207756042,1.6,3.32,7.6082,4.375,International - Bilateral,97.7273,n/a
WOS:000544446700005,n/a,n/a,Horizons Already Here: Video Games and Landscape,"Murray, Soraya",ART JOURNAL,1304 Fine Art; 1301 Art Theory,Article,79,2,42-49,2020,7,https://www.webofscience.com/api/gateway?GWVersion=2&SrcAuth=InCites&SrcApp=tsm_test&DestApp=WOS_CPL&DestLinkType=FullRecord&KeyUT=ISI:000544446700005,1.5,1.2079378366470337,1.4965278,4.67,5.795,4.6775,Domestic - Single,95.9448,n/a
WOS:000743558500005,10.1093/aesthj/ayab002,n/a,Hair Oppression and Appropriation,"Chaves, Andrea Mela; Bacharach, Sondra",BRITISH JOURNAL OF AESTHETICS,1304 Fine Art; 0101 Philosophy; 1301 Art Theory,Article,61,3,335-352,2021,7,https://www.webofscience.com/api/gateway?GWVersion=2&SrcAuth=InCites&SrcApp=tsm_test&DestApp=WOS_CPL&DestLinkType=FullRecord&KeyUT=ISI:000743558500005,4.030303,0.9200627207756042,1.1733103,1.74,7.6082,5.966,Domestic - Single,97.7273,n/a
WOS:000805850400011,10.1093/aesthj/ayab060,n/a,Emotion in Fiction: State of the Art,"Friend, Stacie",BRITISH JOURNAL OF AESTHETICS,1304 Fine Art; 0101 Philosophy; 1301 Art Theory,Article,62,2,257-271,2022,7,https://www.webofscience.com/api/gateway?GWVersion=2&SrcAuth=InCites&SrcApp=tsm_test&DestApp=WOS_CPL&DestLinkType=FullRecord&KeyUT=ISI:000805850400011,2.486486,0.4984939694404602,0.6384892,2.82,14.0423,10.9634,Domestic - Single,99.0211,0.8
WOS:000510870600004,10.1111/jaac.12703,n/a,"Documentaries, Docudramas, and Perceptual Beliefs","Terrone, Enrico",JOURNAL OF AESTHETICS AND ART CRITICISM,1304 Fine Art; 0101 Philosophy; 1301 Art Theory,Article,78,1,43-55,2020,7,https://www.webofscience.com/api/gateway?GWVersion=2&SrcAuth=InCites&SrcApp=tsm_test&DestApp=WOS_CPL&DestLinkType=FullRecord&KeyUT=ISI:000510870600004,4.892857,1.2079378366470337,1.4965278,1.43,5.795,4.6775,Domestic - Single,95.9448,n/a
WOS:000833577300001,10.1093/aesthj/ayac020,n/a,Country music and the problem of authenticity,"Malone, Evan",BRITISH JOURNAL OF AESTHETICS,1304 Fine Art; 0101 Philosophy; 1301 Art Theory,Article,63,1,75-90,2022,7,https://www.webofscience.com/api/gateway?GWVersion=2&SrcAuth=InCites&SrcApp=tsm_test&DestApp=WOS_CPL&DestLinkType=FullRecord&KeyUT=ISI:000833577300001,2.486486,0.4984939694404602,0.6384892,2.82,14.0423,10.9634,Domestic - Single,99.0211,0.8
WOS:000512845300002,10.1080/00043079.2019.1638674,n/a,Converting Portraits: Repainting as Art Making in the Early Modern Hispanic World,"Jasienski, Adam",ART BULLETIN,1304 Fine Art; 1301 Art Theory,Article,102,1,7-30,2020,7,https://www.webofscience.com/api/gateway?GWVersion=2&SrcAuth=InCites&SrcApp=tsm_test&DestApp=WOS_CPL&DestLinkType=FullRecord&KeyUT=ISI:000512845300002,3.368421,1.2079378366470337,1.4965278,2.08,5.795,4.6775,Domestic - Single,95.9448,n/a
WOS:000557077200006,10.1162/LEON_a_01925,n/a,Body RemiXer: Extending Bodies to Stimulate Social Connection in an Immersive Installation,"Desnoyers-Stewart, John; Stepanova, Ekaterina R.; Riecke, Bernhard E.; Pennefather, Patrick",LEONARDO,1304 Fine Art; 1301 Art Theory,Article,53,4,394-400,2020,7,https://www.webofscience.com/api/gateway?GWVersion=2&SrcAuth=InCites&SrcApp=tsm_test&DestApp=WOS_CPL&DestLinkType=FullRecord&KeyUT=ISI:000557077200006,2.112676,1.2079378366470337,1.475,3.31,5.795,4.7458,Domestic - Multiple,95.9448,n/a
WOS:000562355200011,10.1093/aesthj/ayz014,n/a,Being for Beauty: Aesthetic Agency and Value,"King, Alex",BRITISH JOURNAL OF AESTHETICS,0101 Philosophy; 1304 Fine Art; 1301 Art Theory,Book Review,60,1,99-102,2020,7,https://www.webofscience.com/api/gateway?GWVersion=2&SrcAuth=InCites&SrcApp=tsm_test&DestApp=WOS_CPL&DestLinkType=FullRecord&KeyUT=ISI:000562355200011,0.619048,0.04499274492263794,0.073076926,11.31,155.5806,95.7895,Domestic - Single,99.8549,n/a
WOS:000510870600002,10.1111/jaac.12687,n/a,Are Some Perfumes Works of Art?,"Brozzo, Chiara",JOURNAL OF AESTHETICS AND ART CRITICISM,1304 Fine Art; 0101 Philosophy; 1301 Art Theory,Article,78,1,21-32,2020,7,https://www.webofscience.com/api/gateway?GWVersion=2&SrcAuth=InCites&SrcApp=tsm_test&DestApp=WOS_CPL&DestLinkType=FullRecord&KeyUT=ISI:000510870600002,4.892857,1.2079378366470337,1.4965278,1.43,5.795,4.6775,Domestic - Single,95.9448,n/a
WOS:000584366500002,10.1162/afar_a_00546,n/a,"African Restitution in a North American Context: A Debate, A Summary, and a Challenge","Maples, Amanda M.",AFRICAN ARTS,1304 Fine Art; 1301 Art Theory; 1305 Design,Editorial Material,53,4,10-15,2020,7,https://www.webofscience.com/api/gateway?GWVersion=2&SrcAuth=InCites&SrcApp=tsm_test&DestApp=WOS_CPL&DestLinkType=FullRecord&KeyUT=ISI:000584366500002,1.0,0.28523489832878113,0.49557522,7.0,24.5412,14.125,Domestic - Single,99.1611,n/a
WOS:000588181400001,10.1080/09528822.2020.1834735,n/a,"Activist Aesthetics in the Post-Socialist Balkans Resistance, Rebellion, Emancipation","Stiks, Igor",THIRD TEXT,1304 Fine Art; 1301 Art Theory,Article,34,4-5,461-479,2020,7,https://www.webofscience.com/api/gateway?GWVersion=2&SrcAuth=InCites&SrcApp=tsm_test&DestApp=WOS_CPL&DestLinkType=FullRecord&KeyUT=ISI:000588181400001,1.4375,1.2079378366470337,0.0,4.87,5.795,0.0,n/a,95.9448,n/a
WOS:000734779700012,n/a,n/a,A Syllabus on Transgender and Nonbinary Methods for Art and Art History,"Getsy, David J.; Gossett, Che",ART JOURNAL,1304 Fine Art; 1301 Art Theory,Article,80,4,99-113,2021,7,https://www.webofscience.com/api/gateway?GWVersion=2&SrcAuth=InCites&SrcApp=tsm_test&DestApp=WOS_CPL&DestLinkType=FullRecord&KeyUT=ISI:000734779700012,0.875,0.9200627207756042,1.3684211,8.0,7.6082,5.1154,Domestic - Multiple,97.7273,n/a
WOS:000760424500007,10.1162/leon_a_02105,n/a,"A Computational Study of Empty Space Ratios in Chinese Landscape Painting, 618-2011","Wang, Guoyan; Shen, Jiafei; Yue, Mengmeng; Ma, Yena; Wu, Shuyang",LEONARDO,1304 Fine Art; 1301 Art Theory,Article,55,1,43-47,2022,7,https://www.webofscience.com/api/gateway?GWVersion=2&SrcAuth=InCites&SrcApp=tsm_test&DestApp=WOS_CPL&DestLinkType=FullRecord&KeyUT=ISI:000760424500007,0.837209,0.4984939694404602,0.8739496,8.36,14.0423,8.0096,Domestic - Multiple,99.0211,0.3

Filter Summary:
数据集: InCites Dataset + ESCI
学科分类体系:  China SCADC Subject 97 Narrow
合作者 ID 类型分组:  WoS Researcher Profile
国内/国际合作论文:  All
"分析时间段:  [2020, 2024]"
包括在线发表论文:  true
合作者 ID 类型:  All
基金数据来源:  All Sources

"导出日期  2025年9月18日. "
"InCites 数据集更新日期  2025-08-29. 包含 Web of Science 标引内容截止 2025-07-31. "

